game_id,period,gc_seconds,event_num,foul_category,offensive_player_id,defensive_player_id,team_abbr,pbp_description,osi_leg_kick,osi_brakecheck,osi_any,max_lateral_dev_in,personal_threshold_in,deviation_z_score,max_deceleration_fps2,decel_threshold_fps2,defender_distance_ft,defender_in_cylinder,n_frames,peak_frame_id,offensive_player_name,defensive_player_name,jump_into_lateral_ft,jump_into_defender_dist_ft,osi_jump_into
22500005,1,661.0,16,shooting,1629614,1628983,OKC,Foul: Shooting,False,False,False,18.368493450689,19.36891343334292,0.872003457772056,81.84097668959724,41.694168043770674,10.849847925201532,False,364,-1,Andrew Nembhard,Shai Gilgeous-Alexander,28.250786958944886,5.636328592266422,False
22500005,1,596.0,31,shooting,1628392,1631097,IND,Foul: Shooting,False,False,False,20.47689963954237,21.21119990633805,0.9312701716060908,59.17368395553782,41.694168043770674,2.5809494377069844,True,301,-1,Isaiah Hartenstein,Bennedict Mathurin,7.268619575232731,6.757632721597113,False
22500005,1,551.0,45,shooting,1629614,1628983,OKC,Foul: Shooting,False,False,False,17.482125345082068,19.36891343334292,0.5145617531835512,31.43819128146798,41.694168043770674,4.390455557228656,False,239,-1,Andrew Nembhard,Shai Gilgeous-Alexander,13.845367721023322,3.918941183534145,False
22500005,1,547.0,49,personal,1630598,1627783,IND,Foul: Personal,False,True,True,17.06892785306039,19.075162729723,0.5119510855599168,161.5666550980497,41.694168043770674,2.7821754078418564,True,240,-1,Aaron Wiggins,Pascal Siakam,,,False
22500005,1,475.0,60,shooting,1630543,1628983,OKC,Foul: Shooting,False,False,False,18.700564609512103,20.290839258292674,1.3872332870139268,94.4514121111639,41.694168043770674,4.236897449785634,False,155,-1,Isaiah Jackson,Shai Gilgeous-Alexander,22.581654688089046,5.1641940319860185,False
22500005,1,441.0,70,personal,1642964,1631097,IND,Foul: Personal,False,False,False,18.85363109277548,20.290839258292674,1.4462130650601648,39.65964979440727,41.694168043770674,3.5503520952153433,False,180,-1,Brooks Barnhizer,Bennedict Mathurin,,,False
22500005,1,416.0,75,shooting,1630174,1628983,OKC,Foul: Shooting,True,False,True,19.69002855568559,18.531173173558155,1.834209394155143,24.18750542715418,41.694168043770674,2.2686119103980737,True,356,38150,Aaron Nesmith,Shai Gilgeous-Alexander,25.882134457349512,2.4426624818013654,True
22500005,1,319.0,93,shooting,1642964,1627783,IND,Foul: Shooting,False,False,False,15.759959908406092,20.290839258292674,0.2541556275858332,113.81844545897968,41.694168043770674,7.73285199651461,False,181,-1,Brooks Barnhizer,Pascal Siakam,9.216200129565815,10.565954760455865,False
22500005,1,250.0,108,shooting,1631119,1630167,IND,Foul: Shooting,False,False,False,12.114993149273465,16.010369037388884,-1.5952978580047348,46.37047135108657,41.694168043770674,10.50447999664905,False,181,-1,Jaylin Williams,Obi Toppin,7.48955920672581,4.4167861619055095,False
22500005,1,79.0,146,shooting,1641767,1642349,OKC,Foul: Shooting,False,False,False,16.802987798099977,18.31669808982943,0.5467167181549553,70.41275542892224,41.694168043770674,2.0416659863944444,True,268,-1,Ben Sheppard,Ajay Mitchell,31.028575492848766,6.905251624669444,False
22500005,2,615.0,183,shooting,1642959,1629614,IND,Foul: Shooting,False,False,False,17.69367368854803,20.290839258292674,0.9992567570178136,111.10994476919382,41.694168043770674,6.396882053000509,False,179,-1,Chris Youngblood,Andrew Nembhard,27.696428547716348,8.784150499621463,False
22500005,2,541.0,198,personal,1628392,1630174,IND,Foul: Personal,False,False,False,22.71314037061599,21.21119990633805,1.6759695378921566,27.05967484129113,41.694168043770674,1.6857342613828534,True,343,-1,Isaiah Hartenstein,Aaron Nesmith,,,False
22500005,2,509.0,210,shooting,1642959,1629614,IND,Foul: Shooting,False,False,False,15.355649803818384,20.290839258292674,0.0983663279165973,84.94560331125206,41.694168043770674,2.302628932329307,True,213,-1,Chris Youngblood,Andrew Nembhard,49.59770577769558,10.23336210636563,False
22500005,2,428.0,235,shooting,1628396,1628983,OKC,Foul: Shooting,False,False,False,19.60893066482036,20.290839258292674,1.7372460865804529,134.24237509811687,41.694168043770674,1.9955199823604872,True,180,-1,Tony Bradley,Shai Gilgeous-Alexander,16.92671639014265,7.468400096406192,False
22500005,2,364.0,247,shooting,1631119,1627783,IND,Foul: Shooting,True,False,True,19.04642236152077,16.010369037388884,3.522084385884074,17.87081600763818,41.694168043770674,2.729706943977687,True,420,158156,Jaylin Williams,Pascal Siakam,5.516969431789109,17.277094663166025,False
22500005,2,324.0,265,shooting,1628396,1628392,OKC,Foul: Shooting,False,False,False,18.98887870059255,20.290839258292674,1.498326850653644,25.41282279279964,41.694168043770674,1.934037228183573,True,513,-1,Tony Bradley,Isaiah Hartenstein,25.215525645736214,7.722408950580124,False
22500005,2,303.0,277,personal,1631096,1627783,IND,Foul: Personal,False,False,False,15.888630780559408,18.472447853909287,-0.018331396693931,8.491421663662631,41.694168043770674,7.030007112371935,False,758,-1,Chet Holmgren,Pascal Siakam,,,False
22500005,2,297.0,283,personal,1641767,1642349,OKC,Foul: Personal,False,True,True,17.1012855208138,18.31669808982943,0.7160314507371477,61.101374256025885,41.694168043770674,6.278861361743864,False,245,-1,Ben Sheppard,Ajay Mitchell,,,False
22500005,2,229.0,301,shooting,1631097,1631096,OKC,Foul: Shooting,False,False,False,19.15333512337488,19.941437190891246,0.99666313625324,83.63444102543941,41.694168043770674,2.7835229476330885,True,181,-1,Bennedict Mathurin,Chet Holmgren,35.26189056254857,9.659917183910016,False
22500005,2,173.0,318,shooting,1631096,1630167,IND,Foul: Shooting,True,False,True,19.622796099073867,18.472447853909287,1.4584093020176796,57.28179776395952,41.694168043770674,1.1925183436744256,True,179,202104,Chet Holmgren,Obi Toppin,3.826385694501978,2.697128102259883,False
22500005,2,98.0,329,shooting,1641716,1631096,OKC,Foul: Shooting,False,False,False,18.501575557192048,18.586202732726186,1.2736031550567513,35.64402783786583,41.694168043770674,2.3242202993692325,True,352,-1,Jarace Walker,Chet Holmgren,1.3149198644968814,1.2578155667664477,False
22500005,2,66.0,340,shooting,1630174,1642349,OKC,Foul: Shooting,True,False,True,19.67550429818394,18.531173173558155,1.8281730816114763,51.45177354950973,41.694168043770674,13.641807065048239,False,180,214512,Aaron Nesmith,Ajay Mitchell,17.210953337917598,3.6390245945857536,False
22500005,2,14.5,357,shooting,1631172,1631097,IND,Foul: Shooting,False,False,False,11.810118197841724,12.908003486053842,-0.7804299486280889,5.36436462658374,41.694168043770674,,False,78,-1,Ousmane Dieng,Bennedict Mathurin,,,False
22500005,3,701.0,388,shooting,1628392,1627783,IND,Foul: Shooting,True,False,True,21.43874853690808,21.21119990633805,1.2515792753524058,29.07201996246186,41.694168043770674,1.0754068997360948,True,360,235226,Isaiah Hartenstein,Pascal Siakam,3.4275491144872694,8.868038114487332,False
22500005,3,517.0,427,shooting,1630174,1630598,OKC,Foul: Shooting,False,False,False,12.51011411493514,18.531173173558155,-1.1497784342235076,107.69198984738516,41.694168043770674,7.2630916282255455,False,241,-1,Aaron Nesmith,Aaron Wiggins,39.81149457184543,9.830569668132158,False
22500005,3,497.0,435,personal,1630543,1628392,OKC,Foul: Personal,False,False,False,16.55058475578697,20.290839258292674,0.5588002305204202,16.875319924994205,41.694168043770674,5.677693193542603,False,490,-1,Isaiah Jackson,Isaiah Hartenstein,,,False
22500005,3,456.0,443,shooting,1630174,1630598,OKC,Foul: Shooting,False,False,False,18.17838306140965,18.531173173558155,1.205966287225953,90.8632500303868,41.694168043770674,0.4177319714841092,True,161,-1,Aaron Nesmith,Aaron Wiggins,2.7233866444537496,6.212930065597068,False
22500005,3,341.0,467,shooting,1642964,1631097,IND,Foul: Shooting,False,False,False,18.36297785167933,20.290839258292674,1.257153914810242,23.08452605058932,41.694168043770674,5.789991364414978,False,360,-1,Brooks Barnhizer,Bennedict Mathurin,20.98222377192274,9.793839900672257,False
22500005,3,265.0,493,shooting,1630643,1629652,OKC,Foul: Shooting,False,False,False,17.827029513597452,19.5070009393108,0.8857864779829917,141.45048169446784,41.694168043770674,2.163746750430835,True,181,-1,Jay Huff,Luguentz Dort,14.824134132780841,8.850412419768924,False
22500005,3,233.0,502,shooting,1631119,1631097,IND,Foul: Shooting,True,False,True,18.21973493603381,16.010369037388884,2.9117520254297213,26.390574230486543,41.694168043770674,10.831366488121434,False,420,298238,Jaylin Williams,Bennedict Mathurin,18.94352084770811,4.285148772213167,True
22500005,3,114.0,532,shooting,1641767,1628983,OKC,Foul: Shooting,False,False,False,15.712226545098394,18.31669808982943,-0.0724028251751091,20.52777283823149,41.694168043770674,2.8313424377845964,True,358,-1,Ben Sheppard,Shai Gilgeous-Alexander,31.43782531791567,9.480005274260137,False
22500005,3,74.0,541,shooting,1630598,1627783,IND,Foul: Shooting,False,False,False,16.24962098327915,19.075162729723,0.1858838486797214,13.355093187028412,41.694168043770674,4.38717448934961,False,513,-1,Aaron Wiggins,Pascal Siakam,15.366182151110356,4.169904075635314,False
22500005,3,60.0,550,shooting,1643007,1642349,OKC,Foul: Shooting,False,False,True,18.93157788867888,20.290839258292674,1.4762476266688442,28.11017230136148,41.694168043770674,1.8729922583929706,True,358,-1,Taelon Peter,Ajay Mitchell,31.118970891756547,2.933888205095756,True
22500005,4,667.0,576,shooting,1631172,1627783,IND,Foul: Shooting,True,False,True,17.667424951300536,12.908003486053842,8.42365396572112,14.013333965746993,41.694168043770674,3.1475863768926167,False,480,352690,Ousmane Dieng,Pascal Siakam,22.254287286724818,10.168269272595015,False
22500005,4,636.0,586,shooting,1630598,1641767,IND,Foul: Shooting,False,False,False,16.900180546382607,19.075162729723,0.4447931377276335,79.81354465070461,41.694168043770674,2.308527669316531,True,181,-1,Aaron Wiggins,Ben Sheppard,23.4909471465012,2.073957569479182,False
22500005,4,570.0,595,personal,1628396,1628392,OKC,Foul: Personal,False,True,True,17.030470508503093,20.290839258292674,0.7437104380284064,84.8408027264544,41.694168043770674,0.6702984409947557,True,236,-1,Tony Bradley,Isaiah Hartenstein,,,False
22500005,4,537.0,605,shooting,1628392,1631097,IND,Foul: Shooting,False,False,False,19.730748973443497,21.21119990633805,0.6827915885641901,36.159986929903646,41.694168043770674,3.619640866163381,False,212,-1,Isaiah Hartenstein,Bennedict Mathurin,24.421845407696775,9.264232294151524,False
22500005,4,500.0,615,shooting,1631097,1628983,OKC,Foul: Shooting,False,False,False,18.424458397855588,19.941437190891246,0.6245551012601777,116.34530481033218,41.694168043770674,2.7291940202191567,True,181,-1,Bennedict Mathurin,Shai Gilgeous-Alexander,25.486675100510617,7.121811567291007,False
22500005,4,402.0,631,shooting,1642349,1631097,IND,Foul: Shooting,False,False,False,18.01996682763215,20.388757897340643,0.1605941501788821,17.626406218743384,41.694168043770674,7.457995709304214,False,473,-1,Ajay Mitchell,Bennedict Mathurin,21.83621618903669,4.646686991825464,False
22500005,4,389.0,646,shooting,1630174,1628392,OKC,Foul: Shooting,True,False,True,18.89307526781685,18.531173173558155,1.5029938998186825,104.3290272266374,41.694168043770674,1.2165936051122435,True,362,399124,Aaron Nesmith,Isaiah Hartenstein,29.706942726262795,7.812976385475641,False
22500005,4,368.0,653,personal,1630174,1629652,OKC,Foul: Personal,False,False,False,15.95438097046316,18.531173173558155,0.281666252115873,17.929969628106125,41.694168043770674,7.7991025124689815,False,377,-1,Aaron Nesmith,Luguentz Dort,,,False
22500005,4,354.0,661,shooting,1628392,1628396,IND,Foul: Shooting,False,False,False,18.20839999999999,21.21119990633805,0.1758281386831316,-0.0,41.694168043770674,2.8439585088393966,True,534,-1,Isaiah Hartenstein,Tony Bradley,17.510023029945778,6.276822444517608,False
22500005,4,339.0,665,shooting,1630167,1631096,OKC,Foul: Shooting,True,False,True,21.049750058621854,18.58749767832515,2.948568741571448,77.17790864954732,41.694168043770674,3.3800000000000003,False,182,409126,Obi Toppin,Chet Holmgren,24.93120473930288,9.537069780598232,False
22500005,4,202.0,687,shooting,1628983,1631097,IND,Foul: Shooting,False,False,False,15.354800000000024,19.203242092573674,-0.4043785475946786,24.70458892341429,41.694168043770674,3.7442222156277003,False,330,-1,Shai Gilgeous-Alexander,Bennedict Mathurin,6.28571869147925,5.3835768778759,False
22500005,4,190.0,693,shooting,1630167,1628983,OKC,Foul: Shooting,True,False,True,19.076611457804148,18.58749767832515,1.949982425217892,20.431460150480536,41.694168043770674,11.68593171296153,False,358,450810,Obi Toppin,Shai Gilgeous-Alexander,17.082408503578495,6.899572450521846,False
22500005,4,177.0,699,shooting,1629652,1631097,IND,Foul: Shooting,True,False,True,20.257374812378867,18.454054701399382,2.299029556928193,0.6473532020214061,41.694168043770674,1.416827441857335,True,543,454376,Luguentz Dort,Bennedict Mathurin,17.262420229870923,4.3302886739800615,False
22500005,4,142.0,704,personal,1631096,1631097,IND,Foul: Personal,False,True,True,19.208774871253063,18.472447853909287,1.294677398070598,94.11930525693788,41.694168043770674,1.802276338412064,True,181,-1,Chet Holmgren,Bennedict Mathurin,,,False
22500005,4,74.0,715,shooting,1641716,1631096,OKC,Foul: Shooting,False,False,False,16.33576469735475,18.586202732726186,0.3847071048614592,59.90951602289,41.694168043770674,3.888302971734586,False,180,-1,Jarace Walker,Chet Holmgren,27.549575024593025,18.30587337441183,False
22500005,4,13.0,725,personal,1630167,1628983,OKC,Foul: Personal Take,False,False,False,15.797551932879426,18.58749767832515,0.2904821900384489,1.7165159810264006,41.694168043770674,2.286591349585668,True,449,-1,Obi Toppin,Shai Gilgeous-Alexander,,,False
22500005,5,272.0,747,personal,1642349,1631097,IND,Foul: Personal,False,True,True,16.381169284690245,20.388757897340643,-0.5388718585034677,90.28863480571636,41.694168043770674,7.651953998816247,False,299,-1,Ajay Mitchell,Bennedict Mathurin,,,False
22500005,5,210.0,758,personal,1628983,1641767,IND,Foul: Personal,False,True,True,15.33432318909132,19.203242092573674,-0.4130508885544267,94.49217015547688,41.694168043770674,3.9554772152042568,False,240,-1,Shai Gilgeous-Alexander,Ben Sheppard,,,False
22500005,5,206.0,762,personal,1629652,1627783,IND,Foul: Personal,False,False,False,17.757146243601518,18.454054701399382,1.2382985496207188,33.09449376492695,41.694168043770674,2.216167863678199,True,329,-1,Luguentz Dort,Pascal Siakam,,,False
22500005,5,196.0,769,shooting,1628983,1631097,IND,Foul: Shooting,False,False,False,14.330059643693115,19.203242092573674,-0.838376683570515,49.66743852135108,41.694168043770674,1.747712791050062,True,183,-1,Shai Gilgeous-Alexander,Bennedict Mathurin,8.905084642032335,9.821736099081464,False
22500005,5,176.0,773,shooting,1641716,1628983,OKC,Foul: Shooting,False,False,False,17.93103896691712,18.586202732726186,1.0394424852624506,81.09470189141491,41.694168043770674,7.551536267541857,False,178,-1,Jarace Walker,Shai Gilgeous-Alexander,25.092081265212546,2.055480479109446,False
22500005,5,106.0,792,shooting,1641767,1642349,OKC,Foul: Shooting,False,False,True,16.69315092207282,18.31669808982943,0.4843729592988317,35.87700587263078,41.694168043770674,13.71249430264239,False,362,-1,Ben Sheppard,Ajay Mitchell,38.78810881860973,5.2521233801197,True
22500005,5,54.2,798,personal,1641767,1642349,OKC,Foul: Personal,False,True,True,16.10035033377855,18.31669808982943,0.1478974670675269,104.46608412556576,41.694168043770674,1.1964113005150026,True,153,-1,Ben Sheppard,Ajay Mitchell,,,False
22500005,6,251.0,821,shooting,1631097,1628983,OKC,Foul: Shooting,False,False,False,17.5194524166906,19.941437190891246,0.1625291021883202,23.472365712028648,41.694168043770674,0.6826419266350398,True,316,-1,Bennedict Mathurin,Shai Gilgeous-Alexander,14.11582687809063,3.2234298503302345,False
22500005,6,59.8,853,personal,1641767,1628983,OKC,Foul: Personal,False,False,False,18.59751927017629,18.31669808982943,1.565298467759609,26.753353195520297,41.694168043770674,1.2003749414245526,True,154,-1,Ben Sheppard,Shai Gilgeous-Alexander,,,False
22500005,6,28.8,867,personal,1627783,1628983,OKC,Foul: Personal,False,False,False,16.7539946283952,20.843693669764622,-0.2104907116687488,57.67445835351365,41.694168043770674,8.730985053245712,False,152,-1,Pascal Siakam,Shai Gilgeous-Alexander,,,False
22500005,6,20.7,873,personal,1641716,1628983,OKC,Foul: Personal,False,False,False,18.761811407261305,18.586202732726186,1.380409628112831,41.35068614216985,41.694168043770674,5.422997326202547,False,346,-1,Jarace Walker,Shai Gilgeous-Alexander,,,False
22500085,1,669.0,11,personal,1629630,1630529,NOP,Foul: Personal,False,True,True,19.20691193488635,18.70570943941093,1.4149496472575396,73.84245684418178,41.694168043770674,3.7830278878168486,False,181,-1,Ja Morant,Herbert Jones,,,False
22500085,1,656.0,15,personal,1629673,1642377,MEM,Foul: Personal,False,True,True,16.261206114788095,19.1095812498738,0.4668246076797418,90.0901309886414,41.694168043770674,2.4972184525988097,True,179,-1,Jordan Poole,Jaylen Wells,,,False
22500085,1,604.0,27,shooting,203484,1629627,NOP,Foul: Shooting,False,False,True,16.68182738280301,17.726620135693988,1.1725987320804527,64.36008574353431,41.694168043770674,3.2805639759041445,False,179,-1,Kentavious Caldwell-Pope,Zion Williamson,19.32304483920261,5.271906675957001,True
22500085,1,578.0,36,personal,1642377,1629673,NOP,Foul: Personal,False,True,True,21.33304930638285,16.452246356170953,3.3404502397029314,80.7090224326871,41.694168043770674,2.734081198501609,True,180,-1,Jaylen Wells,Jordan Poole,,,False
22500085,1,516.0,53,personal,1630529,1629630,MEM,Foul: Personal,False,False,False,20.99022916708441,20.74616507072045,1.3648997070104087,37.75485414868872,41.694168043770674,3.018956773456686,False,179,-1,Herbert Jones,Ja Morant,,,False
22500085,1,230.0,115,shooting,1630530,1628991,MEM,Foul: Shooting,False,False,False,19.7958709664618,20.95384779832284,1.0623827576302742,31.8799731372352,41.694168043770674,2.7234169713798875,True,173,-1,Trey Murphy III,Jaren Jackson Jr.,7.708427642522034,4.182403615147637,False
22500085,1,195.0,126,shooting,1630621,1628991,MEM,Foul: Shooting,False,False,False,18.883243188018263,20.290839258292674,1.4576232364292845,61.20400687859853,41.694168043770674,2.8813885541523176,True,181,-1,Hunter Dickinson,Jaren Jackson Jr.,19.27098887881302,8.642002082850942,False
22500085,1,155.0,144,personal,1642907,1629627,NOP,Foul: Personal,False,True,True,13.614143524199696,19.30204495709229,-0.5823900876822503,121.32948142098743,41.694168043770674,2.9934762400927784,True,180,-1,Cedric Coward,Zion Williamson,,,False
22500085,1,140.0,149,shooting,1642847,1642907,MEM,Foul: Shooting,False,False,False,15.57391262038406,19.401888209864627,-0.723527805896227,164.90500451842053,41.694168043770674,1.3152946437965918,True,179,-1,Jeremiah Fears,Cedric Coward,35.17070895910449,8.975238158400032,False
22500085,1,14.1,177,personal,1642377,1629627,NOP,Foul: Personal,False,False,False,17.458852250041847,16.452246356170953,1.7789511581931396,70.60242729782524,41.694168043770674,13.824503607724944,False,151,-1,Jaylen Wells,Zion Williamson,,,False
22500085,2,661.0,206,shooting,1629111,1629627,NOP,Foul: Shooting,False,False,False,16.6940472373726,18.887251644419493,0.8649342934739244,57.51461821806353,41.694168043770674,6.198015811531945,False,181,-1,Jock Landale,Zion Williamson,38.86509583592702,8.872169971320435,False
22500085,2,580.0,218,shooting,1642274,1629630,MEM,Foul: Shooting,False,False,False,19.27756000000001,22.31764111387349,0.5492285146718602,97.2997008045413,41.694168043770674,2.0940391591371923,True,181,-1,Yves Missi,Ja Morant,19.51616772024,8.865331353085454,False
22500085,2,547.0,228,shooting,1629630,1642847,NOP,Foul: Shooting,False,False,False,16.687929691019356,18.70570943941093,0.4823521978350434,97.56213687543752,41.694168043770674,1.2984991336154241,True,172,-1,Ja Morant,Jeremiah Fears,19.29556168791492,11.67343993859565,False
22500085,2,539.0,240,personal,1642274,1628991,MEM,Foul: Personal,False,False,False,17.87056654457783,22.31764111387349,0.2961633480408968,37.83790162469529,41.694168043770674,1.952255106280939,True,180,-1,Yves Missi,Jaren Jackson Jr.,,,False
22500085,2,505.0,247,shooting,1641722,1642377,MEM,Foul: Shooting,False,False,False,17.240752041376044,20.290839258292674,0.824736394015969,48.95629620021248,41.694168043770674,5.601731875054358,False,179,-1,Jordan Hawkins,Jaylen Wells,5.498988959790543,7.940081863557831,False
22500085,2,495.0,255,personal,1642377,1629673,NOP,Foul: Personal,False,True,True,17.85339999999995,16.452246356170953,1.9379740318910503,89.72373775037624,41.694168043770674,2.108364294897826,True,158,-1,Jaylen Wells,Jordan Poole,,,False
22500085,2,436.0,271,shooting,1642852,1642907,MEM,Foul: Shooting,False,False,False,17.913799999999995,20.33245831960525,0.2253868989948147,73.98582912065928,41.694168043770674,15.02697574364183,False,180,-1,Derik Queen,Cedric Coward,26.00872293351138,8.942958123574101,False
22500085,2,375.0,295,shooting,1629111,1630180,NOP,Foul: Shooting,True,False,True,21.190051034845776,18.887251644419493,2.194824938084333,58.31663681395028,41.694168043770674,0.7294518489934697,True,178,168336,Jock Landale,Saddiq Bey,25.893962931552387,6.131313073070077,False
22500085,2,315.0,317,personal,1629111,1642852,NOP,Foul: Personal,False,True,True,18.13250303709333,18.887251644419493,1.2904207914633856,52.02534565471869,41.694168043770674,2.002423531623617,True,178,-1,Jock Landale,Derik Queen,,,False
22500085,2,288.0,325,shooting,1628991,1629673,NOP,Foul: Shooting,False,False,False,19.82300778034869,21.70460718510627,1.2053828578193788,99.9510183769964,41.694168043770674,1.8860010604450903,True,177,-1,Jaren Jackson Jr.,Jordan Poole,14.827025350731553,11.746373908572805,False
22500085,2,272.0,331,personal,1630530,1630583,MEM,Foul: Personal,False,True,True,19.15034048077516,20.95384779832284,0.8104972201349546,50.578952323864776,41.694168043770674,1.9556328898850122,True,181,-1,Trey Murphy III,Santi Aldama,,,False
22500085,2,158.0,364,shooting,1630529,1629111,MEM,Foul: Shooting,False,False,False,15.496824021557616,20.74616507072045,-0.3278852552730132,72.09383450187141,41.694168043770674,1.1328283188550636,True,180,-1,Herbert Jones,Jock Landale,9.429412414822062,6.1205228534823695,False
22500085,2,130.0,369,shooting,1629627,1641765,MEM,Foul: Shooting,False,False,False,17.895928742639185,20.65794040933801,0.3841510775985301,117.44164889360692,41.694168043770674,1.1438968484964018,True,181,-1,Zion Williamson,Olivier-Maxence Prosper,7.828498052448744,4.227647099747089,False
22500085,2,73.0,383,shooting,203484,1629627,NOP,Foul: Shooting,False,False,False,17.593484810893543,17.726620135693988,1.7931838040999393,124.77684960787532,41.694168043770674,4.85670670310654,False,183,-1,Kentavious Caldwell-Pope,Zion Williamson,25.365541941065725,13.98740147418383,False
22500085,2,64.0,388,personal,1629673,203484,MEM,Foul: Personal,False,False,False,11.795871984837872,19.1095812498738,-1.0261670635871876,40.40414706505151,41.694168043770674,0.2683281572999754,True,178,-1,Jordan Poole,Kentavious Caldwell-Pope,,,False
22500085,3,600.0,428,shooting,1629111,1629627,NOP,Foul: Shooting,False,False,False,17.252393275210576,18.887251644419493,1.0300896638037562,77.2309530065233,41.694168043770674,1.2940247292845692,True,179,-1,Jock Landale,Zion Williamson,10.217895943309886,5.483356636222014,False
22500085,3,569.0,439,shooting,1630529,1642377,MEM,Foul: Shooting,False,False,False,19.70489982900333,20.74616507072045,0.9688273042936586,76.68074685713198,41.694168043770674,5.232446846361649,False,184,-1,Herbert Jones,Jaylen Wells,36.822085154373,14.550109965220194,False
22500085,3,479.0,467,shooting,1641765,1642274,NOP,Foul: Shooting,False,False,False,19.05213753111244,19.328230682387247,1.3142124286360033,73.05375002503,41.694168043770674,7.942820657675704,False,184,-1,Olivier-Maxence Prosper,Yves Missi,5.207605311219552,4.26862975672522,False
22500085,3,405.0,481,personal,1641765,1629627,NOP,Foul: Personal,False,True,True,18.724798916567583,19.328230682387247,1.1542271018743917,64.31835070424424,41.694168043770674,4.266755207414646,False,180,-1,Olivier-Maxence Prosper,Zion Williamson,,,False
22500085,3,377.0,495,personal,1630583,1630530,NOP,Foul: Personal,False,True,True,19.379933486741187,20.30102962989524,0.8360880641201689,82.87489039092235,41.694168043770674,2.1280977421161857,True,179,-1,Santi Aldama,Trey Murphy III,,,False
22500085,3,358.0,503,shooting,1642274,203484,MEM,Foul: Shooting,False,False,False,18.280770482689466,22.31764111387349,0.369943597373861,36.20961509437133,41.694168043770674,0.1140175425099132,True,175,-1,Yves Missi,Kentavious Caldwell-Pope,9.064154265555523,6.200129030915405,False
22500085,3,338.0,514,shooting,1630180,1630583,MEM,Foul: Shooting,False,False,False,17.44084186853095,19.09645390380139,0.7828363803684366,94.72570293069452,41.694168043770674,4.778367922209423,False,180,-1,Saddiq Bey,Santi Aldama,18.70300988223298,2.6552024404930044,False
22500085,3,220.0,540,shooting,1642852,1628991,MEM,Foul: Shooting,False,False,False,17.792736844448477,20.33245831960525,0.1728550940171427,34.77241041351637,41.694168043770674,11.926579559957665,False,180,-1,Derik Queen,Jaren Jackson Jr.,12.325526295126426,2.1703686322834654,False
22500085,3,211.0,543,personal,1642907,1641722,NOP,Foul: Personal,False,True,True,16.682032604162526,19.30204495709229,0.6748130652439607,125.09508776843369,41.694168043770674,1.6395426191471854,True,179,-1,Cedric Coward,Jordan Hawkins,,,False
22500085,3,179.0,551,shooting,1630583,1630180,NOP,Foul: Shooting,True,False,True,20.85766225685793,20.30102962989524,1.344470852339397,61.57049939532205,41.694168043770674,2.3095670589961226,True,153,326452,Santi Aldama,Saddiq Bey,12.528675011119358,3.2048088866576716,False
22500085,3,58.9,581,shooting,1628991,1642847,NOP,Foul: Shooting,False,False,False,15.419311891910068,21.70460718510627,-0.165755131650316,96.54200076898135,41.694168043770674,2.268832298782789,True,150,-1,Jaren Jackson Jr.,Jeremiah Fears,10.268298616398532,5.314329684917938,False
22500085,4,629.0,623,shooting,1629111,1630529,NOP,Foul: Shooting,False,False,False,15.367268457093816,18.887251644419493,0.4724811802554642,105.97663538235868,41.694168043770674,1.1500434774390054,True,180,-1,Jock Landale,Herbert Jones,18.91279093965878,18.042244871412205,False
22500085,4,549.0,635,shooting,1629627,1629111,MEM,Foul: Shooting,False,False,False,13.295889497827917,20.65794040933801,-1.5286405823298723,64.64558007599203,41.694168043770674,1.7672577627499597,True,179,-1,Zion Williamson,Jock Landale,2.5428457957938875,1.8816216410320126,False
22500085,4,512.0,644,shooting,1642852,1642285,MEM,Foul: Shooting,False,False,False,17.589087508501787,20.33245831960525,0.0844874387132018,105.79642308046049,41.694168043770674,4.331697126993071,False,180,-1,Derik Queen,Cam Spencer,8.606979196202294,4.545822257853907,False
22500085,4,398.0,676,personal,1630529,1628991,MEM,Foul: Personal,False,True,True,17.90615685145527,20.74616507072045,0.4145472206763634,59.708834159989536,41.694168043770674,1.3661991070118598,True,182,-1,Herbert Jones,Jaren Jackson Jr.,,,False
22500085,4,360.0,689,shooting,1629111,1630530,NOP,Foul: Shooting,False,False,False,16.790808937749198,18.887251644419493,0.8935558173613715,21.620042024773724,41.694168043770674,1.9090573590125601,True,159,-1,Jock Landale,Trey Murphy III,4.720152057957087,6.789182572298376,False
22500085,4,292.0,710,personal,1642274,1628991,MEM,Foul: Personal,False,True,True,16.57543147915,22.31764111387349,0.0632172956772405,49.127749109887375,41.694168043770674,3.6934807431473087,False,178,-1,Yves Missi,Jaren Jackson Jr.,,,False
22500085,4,272.0,716,personal,203484,1642274,NOP,Foul: Personal,False,True,True,16.80532981647328,17.726620135693988,1.256669529215705,56.62320724618736,41.694168043770674,0.21540659228537928,True,181,-1,Kentavious Caldwell-Pope,Yves Missi,,,False
22500085,4,214.0,731,shooting,1629673,203484,MEM,Foul: Shooting,False,False,False,17.289840524870993,19.1095812498738,0.8107501824159502,125.68922535965974,41.694168043770674,0.48332183894378405,True,183,-1,Jordan Poole,Kentavious Caldwell-Pope,37.875688287365186,18.611354061432497,False
22500085,4,170.0,740,personal,1628991,1630529,NOP,Foul: Personal,False,False,False,21.03507597787458,21.70460718510627,1.5827733029268536,39.833383668643854,41.694168043770674,4.759873947910806,False,153,-1,Jaren Jackson Jr.,Herbert Jones,,,False
22500085,4,146.0,745,shooting,1630529,1629630,MEM,Foul: Shooting,False,False,False,18.50797377821017,20.74616507072045,0.5999962484961814,144.28839930487902,41.694168043770674,3.0660234832760165,False,177,-1,Herbert Jones,Ja Morant,26.814898882048595,12.473544003209351,False
22500085,4,92.0,755,shooting,1630529,1629630,MEM,Foul: Shooting,True,False,True,20.797944524746576,20.74616507072045,1.3056474686619253,44.50225675754702,41.694168043770674,1.7530829986056002,True,152,454480,Herbert Jones,Ja Morant,10.617094333326568,4.752978013835117,False
22500085,4,83.0,761,shooting,1630583,1629627,NOP,Foul: Shooting,False,False,False,17.764141775968213,20.30102962989524,0.2802075049026722,41.98736163526035,41.694168043770674,4.4958870092563465,False,179,-1,Santi Aldama,Zion Williamson,8.64823659028543,5.25338938210371,False
22500085,4,16.7,780,personal,1630530,1641765,MEM,Foul: Personal,False,True,True,20.44232069984792,20.95384779832284,1.3146269849257002,77.03033599974289,41.694168043770674,3.385158785049825,False,153,-1,Trey Murphy III,Olivier-Maxence Prosper,,,False
22500085,4,5.6,787,personal,1630180,203484,MEM,Foul: Personal Take,False,True,True,14.08541334075442,19.09645390380139,-0.399582691672553,174.1092003236673,41.694168043770674,3.4560671289776783,False,157,-1,Saddiq Bey,Kentavious Caldwell-Pope,,,False
22500085,4,1.4,796,personal,1630530,1629630,MEM,Foul: Personal Take,False,True,True,17.34472925137554,20.95384779832284,0.1059489995483896,74.06448793338774,41.694168043770674,3.288920795641026,False,150,-1,Trey Murphy III,Ja Morant,,,False
22500127,1,641.0,15,personal,203110,1627826,LAC,Foul: Personal,False,True,True,13.584524799861397,17.50871911351491,-0.1069056986204349,83.2297921522236,41.694168043770674,4.232741428436183,False,178,-1,Draymond Green,Ivica Zubac,,,False
22500127,1,543.0,27,shooting,201935,1630228,GSW,Foul: Shooting,False,False,False,16.940391476810177,19.019359102169272,0.7151686140273043,33.8130917001621,41.694168043770674,2.9272000273298735,True,176,-1,James Harden,Jonathan Kuminga,3.752550594390001,2.5455844122715705,False
22500127,1,520.0,36,shooting,1630228,201935,LAC,Foul: Shooting,False,False,True,17.374684493489635,20.69709014218271,0.2441135504517569,81.31861314834573,41.694168043770674,2.1203773249117708,True,178,-1,Jonathan Kuminga,James Harden,26.483880934130383,4.006220163695448,True
22500127,1,135.0,130,personal,1627739,1641764,GSW,Foul: Personal,False,False,False,16.222762619480054,19.764622571580787,0.3702579229588453,34.59214396846943,41.694168043770674,6.181464227834697,False,179,-1,Kris Dunn,Brandin Podziemski,,,False
22500127,1,91.0,136,shooting,201143,201935,LAC,Foul: Shooting,True,False,True,19.25272170063882,18.67283203488053,1.619685509951558,127.26476608444716,41.694168043770674,4.470548064835004,False,182,84206,Al Horford,James Harden,13.694668785831876,6.136391447748422,False
22500127,1,10.2,147,shooting,1627780,201935,LAC,Foul: Shooting,True,False,True,17.85171459215656,17.163630076254172,1.5245041652697584,106.38814919887056,41.694168043770674,2.8960145027261177,True,151,91208,Gary Payton II,James Harden,11.333198344094601,7.940831190750751,False
22500127,2,361.0,246,shooting,1642954,202695,LAC,Foul: Shooting,False,False,False,18.112631280205267,18.66350027816957,1.0760544542306258,115.33350256874746,41.694168043770674,6.671828834734896,False,179,-1,Will Richard,Kawhi Leonard,18.124613157078773,10.43579417198327,False
22500127,2,220.0,284,shooting,201939,201935,LAC,Foul: Shooting,False,False,False,18.23393047666504,19.623581690058188,0.7609978465553857,60.65749192358587,41.694168043770674,8.868686486735228,False,178,-1,Stephen Curry,James Harden,13.03139056797724,10.711955937175997,False
22500127,2,111.0,305,personal,1630228,201935,LAC,Foul: Personal,False,True,True,21.40815484313623,20.69709014218271,1.3575855825747676,119.45207282638115,41.694168043770674,2.6377452492611946,True,180,-1,Jonathan Kuminga,James Harden,,,False
22500127,3,650.0,338,personal,203110,201935,LAC,Foul: Personal,False,False,False,19.15359925695117,17.50871911351491,2.0194574624634805,30.66427743647473,41.694168043770674,4.928326287899371,False,176,-1,Draymond Green,James Harden,,,False
22500127,3,617.0,345,personal,203110,202695,LAC,Foul: Personal,False,True,True,19.421036699284794,17.50871911351491,2.121569425529221,118.56274867037554,41.694168043770674,3.887891459390293,False,180,-1,Draymond Green,Kawhi Leonard,,,False
22500127,3,534.0,353,shooting,1627884,201939,GSW,Foul: Shooting,True,False,True,17.51610569438537,16.38935034513607,1.9206173092038847,71.42492739257939,41.694168043770674,18.37157042824592,False,182,227028,Derrick Jones Jr.,Stephen Curry,35.73029076333315,1.5521919984331818,False
22500127,3,255.0,409,personal,1630228,202695,LAC,Foul: Personal,False,False,False,19.99454052226428,20.69709014218271,0.9673459442351924,133.03759816609357,41.694168043770674,,False,150,-1,Jonathan Kuminga,Kawhi Leonard,,,False
22500127,4,698.0,469,personal,1642366,1628381,LAC,Foul: Personal,False,True,True,17.53570330650088,18.027540845903506,0.8923752562496655,43.90343881783934,41.694168043770674,2.224432511900507,True,179,-1,Quinten Post,John Collins,,,False
22500127,4,662.0,475,shooting,1630541,201572,LAC,Foul: Shooting,False,False,False,15.695001864849308,16.874808130578927,0.7471975079917075,53.76128138008216,41.694168043770674,2.8157059505566293,True,182,-1,Moses Moody,Brook Lopez,6.996704169982013,6.96491923858418,False
22500127,4,563.0,499,shooting,1630541,202695,LAC,Foul: Shooting,True,False,True,20.289037867812663,16.874808130578927,2.6778189734438014,63.78042526788944,41.694168043770674,6.504921213973308,False,179,350470,Moses Moody,Kawhi Leonard,38.23003828750353,3.2420055521235613,True
22500127,4,338.0,535,personal,1627739,201939,GSW,Foul: Personal,False,True,True,18.22051198673549,19.764622571580787,0.948611306636869,98.17372828912704,41.694168043770674,2.440737593433591,True,179,-1,Kris Dunn,Stephen Curry,,,False
22500127,4,264.0,555,shooting,1630611,1628381,LAC,Foul: Shooting,False,False,False,18.403549414690065,20.355508918029443,1.0870612489027471,161.3509817708018,41.694168043770674,8.686103844647494,False,180,-1,Gui Santos,John Collins,18.033996806245916,7.999812497802682,False
22500127,4,167.0,581,personal,203992,1641764,GSW,Foul: Personal,False,False,False,16.36216120400856,18.95678154599541,0.5115120083607915,41.13289510957708,41.694168043770674,7.290171465747565,False,181,-1,Bogdan Bogdanović,Brandin Podziemski,,,False
22500127,4,48.0,598,personal,1630611,1642353,LAC,Foul: Personal,False,True,True,18.622144900879817,20.355508918029443,1.142719260267969,113.33845643398836,41.694168043770674,6.471978059295317,False,152,-1,Gui Santos,Cam Christie,,,False
22500179,1,596.0,26,personal,1629029,1642264,SAS,Foul: Personal,False,False,False,15.292829122611751,18.91961077199252,0.3015334201314859,14.517007488202427,41.694168043770674,15.038008511767774,False,510,-1,Luka Dončić,Stephon Castle,,,False
22500179,1,487.0,49,shooting,203084,1629029,LAL,Foul: Shooting,True,False,True,14.17553472604624,12.282024145379316,2.415812376665729,13.212540002856526,41.694168043770674,2.5761405241174256,True,504,24590,Harrison Barnes,Luka Dončić,22.60228419499142,2.6786003807959116,True
22500179,1,458.0,59,shooting,1641705,1629060,LAL,Foul: Shooting,False,False,False,18.996266899595515,20.463542619510964,0.7704485765142832,32.03573619225568,41.694168043770674,3.200249990235137,False,421,-1,Victor Wembanyama,Rui Hachimura,19.92707754378513,8.08327285200741,False
22500179,1,309.0,91,shooting,1642261,1642264,SAS,Foul: Shooting,True,False,True,16.31482516942632,15.498043610848269,1.8453811917149967,102.34769803264255,41.694168043770674,7.00788841235361,False,181,55834,Dalton Knecht,Stephon Castle,28.251924885852194,2.95601082541996,True
22500179,1,296.0,99,personal,1631110,1629029,LAL,Foul: Personal,False,True,True,20.13164275637519,21.672349928267185,0.7985918185402823,46.92314468500109,41.694168043770674,5.7008858960691375,False,181,-1,Jeremy Sochan,Luka Dončić,,,False
22500179,1,268.0,102,personal,1631222,203482,SAS,Foul: Personal,False,True,True,18.39404000000002,19.44328256877589,1.2250209176986862,43.083341543276205,41.694168043770674,0.6363961030678943,True,177,-1,Jake LaRavia,Kelly Olynyk,,,False
22500179,1,196.0,123,personal,203482,1629029,LAL,Foul: Personal,False,False,False,19.33081955818222,20.290839258292674,1.630083950285163,115.5090781427097,41.694168043770674,8.614882471630127,False,179,-1,Kelly Olynyk,Luka Dončić,,,False
22500179,1,60.0,147,shooting,1631110,1629029,LAL,Foul: Shooting,False,False,False,19.14526574954507,21.672349928267185,0.5296142446837664,0.0792657040519283,41.694168043770674,9.940326956393337,False,537,-1,Jeremy Sochan,Luka Dončić,11.698559493119458,3.5554184001323965,False
22500179,1,48.6,154,personal,1629029,1629640,SAS,Foul: Personal,False,False,False,19.255344827586285,18.91961077199252,1.373267643967724,30.387373847028424,41.694168043770674,2.0303940504246953,True,155,-1,Luka Dončić,Keldon Johnson,,,False
22500179,2,702.0,177,personal,203084,203935,LAL,Foul: Personal,False,False,False,17.721734501659235,12.282024145379316,5.059206825466189,65.0992593321708,41.694168043770674,10.155008616441448,False,180,-1,Harrison Barnes,Marcus Smart,,,False
22500179,2,644.0,187,shooting,1642355,1642264,SAS,Foul: Shooting,False,False,False,13.64681867692351,17.885569134807746,-0.0189243330860553,97.62746905364936,41.694168043770674,9.717139496786077,False,179,-1,Bronny James,Stephon Castle,9.534753980041675,11.230431870591621,False
22500179,2,605.0,197,personal,1642264,1641733,LAL,Foul: Personal,False,True,True,19.99029814306595,17.979624311958965,1.6526830359476643,54.408934557108594,41.694168043770674,5.111809855618653,False,240,-1,Stephon Castle,Nick Smith Jr.,,,False
22500179,2,519.0,212,shooting,1641705,203935,LAL,Foul: Shooting,True,False,True,22.253000000000007,20.463542619510964,1.736304803659044,123.37336996488092,41.694168043770674,4.971005934416091,False,158,145802,Victor Wembanyama,Marcus Smart,13.557529093093144,2.620686932847951,False
22500179,2,450.0,244,personal,1629029,1642264,SAS,Foul: Personal,False,False,False,15.757813788672022,18.91961077199252,0.42729695453218,36.47343111393499,41.694168043770674,9.940824915468534,False,179,-1,Luka Dončić,Stephon Castle,,,False
22500179,2,410.0,252,shooting,1642355,1630170,SAS,Foul: Shooting,False,False,False,16.756664002922683,17.885569134807746,0.7891219913306288,38.143563716375134,41.694168043770674,0.6902897942168925,True,230,-1,Bronny James,Devin Vassell,14.628731404194035,2.11265236136947,False
22500179,2,352.0,265,personal,1629020,1642264,SAS,Foul: Personal,False,True,True,20.37108275197478,19.2568135434862,1.8928313867098887,108.0221439859831,41.694168043770674,3.960807998376086,False,181,-1,Jarred Vanderbilt,Stephon Castle,,,False
22500179,2,308.0,276,shooting,1630170,1629060,LAL,Foul: Shooting,False,False,False,16.947277625213708,17.814447039085035,0.9528596552780556,11.52951526897988,41.694168043770674,1.176520293067654,True,515,-1,Devin Vassell,Rui Hachimura,7.042499735751054,2.386734170367535,False
22500179,2,240.0,292,personal,203482,1629029,LAL,Foul: Personal,False,True,True,19.069732719917035,20.290839258292674,1.5294816274031615,49.1964333247577,41.694168043770674,4.246940074924535,False,176,-1,Kelly Olynyk,Luka Dončić,,,False
22500179,2,155.0,315,shooting,1629020,1629640,SAS,Foul: Shooting,True,False,True,21.377327030245443,19.2568135434862,2.204769900097284,50.39094527142151,41.694168043770674,7.411241461455698,False,243,220692,Jarred Vanderbilt,Keldon Johnson,14.206941609107979,7.744120350304482,False
22500179,2,26.2,336,shooting,1630170,1629029,LAL,Foul: Shooting,True,False,True,20.34616543915797,17.814447039085035,2.622886411475052,90.81654772997008,41.694168043770674,12.009766858686309,False,153,233120,Devin Vassell,Luka Dončić,18.495567037865356,5.499863634673137,True
22500179,2,0.5,352,personal,1629020,1641705,SAS,Foul: Personal,False,False,False,19.30661713276084,19.2568135434862,1.562844096366984,-0.0,41.694168043770674,9.125930089585392,False,486,-1,Jarred Vanderbilt,Victor Wembanyama,,,False
22500179,3,588.0,397,personal,1629029,1641705,SAS,Foul: Personal,False,True,True,19.62131761712249,18.91961077199252,1.4722516210019003,61.96911046810032,41.694168043770674,4.470044742505381,False,178,-1,Luka Dončić,Victor Wembanyama,,,False
22500179,3,499.0,411,personal,1630577,203935,LAL,Foul: Personal,False,True,True,19.29065882352929,20.07824438220808,1.0592331877115984,81.493883542394,41.694168043770674,5.4505504309197965,False,181,-1,Julian Champagnie,Marcus Smart,,,False
22500179,3,641.0,424,personal,1631222,1630170,SAS,Foul: Personal,False,False,False,18.378748473483075,19.44328256877589,1.2197745342114168,23.792396206221973,41.694168043770674,5.095576513015972,False,482,-1,Jake LaRavia,Devin Vassell,,,False
22500179,3,412.0,429,shooting,1629028,203084,SAS,Foul: Shooting,True,False,True,19.83589324380091,19.59640628171625,1.4309711244984245,74.44138216805511,41.694168043770674,0.7516648189186451,True,179,304534,Deandre Ayton,Harrison Barnes,11.14938746736364,10.296795618055162,False
22500179,3,355.0,442,shooting,203935,1642264,SAS,Foul: Shooting,True,False,True,16.63862222157008,15.993970258341758,1.1624492786538114,119.75844793384766,41.694168043770674,2.8644720281406117,True,220,311698,Marcus Smart,Stephon Castle,20.045150827778883,5.228508391501347,False
22500179,3,306.0,453,shooting,1631222,1641705,SAS,Foul: Shooting,False,False,True,17.72378711624084,19.44328256877589,0.995063257307372,68.27169993325505,41.694168043770674,1.7269916039170543,True,183,-1,Jake LaRavia,Victor Wembanyama,32.22827426191912,3.4969272225769887,True
22500179,3,256.0,466,shooting,1629020,1641705,SAS,Foul: Shooting,True,False,True,20.372180580508964,19.2568135434862,1.8931717165962825,72.79834584089929,41.694168043770674,10.026654476942946,False,181,325532,Jarred Vanderbilt,Victor Wembanyama,24.582731843709656,4.9429242357131065,True
22500179,3,221.0,473,shooting,1629028,1630170,SAS,Foul: Shooting,False,False,False,19.51297962470289,19.59640628171625,1.3265624618716472,78.08581662576442,41.694168043770674,2.4661711213944573,True,170,-1,Deandre Ayton,Devin Vassell,19.14161033931651,6.708800190794179,False
22500179,3,210.0,483,shooting,1630170,1629637,LAL,Foul: Shooting,True,False,True,20.606829450468364,17.814447039085035,2.7509623872339657,18.847443409288683,41.694168043770674,2.8549080545614753,True,384,336518,Devin Vassell,Jaxson Hayes,9.058774024413124,8.151809615048673,False
22500179,3,171.0,493,shooting,1629637,1642264,SAS,Foul: Shooting,False,False,False,20.85317722761729,22.262680519056097,0.9494043612527858,18.748678810748142,41.694168043770674,1.0080178569846874,True,360,-1,Jaxson Hayes,Stephon Castle,15.49801861951332,7.557969303986354,False
22500179,3,112.0,513,shooting,1642261,1642264,SAS,Foul: Shooting,True,False,True,19.150983281376536,15.498043610848269,3.148061108172074,97.60839709297576,41.694168043770674,5.659911660087991,False,183,352278,Dalton Knecht,Stephon Castle,11.531380910822715,6.365665715382802,False
22500179,3,101.0,521,personal,1631110,1629029,LAL,Foul: Personal,False,True,True,15.720847531478286,21.672349928267185,-0.4041987880487525,74.87021746019208,41.694168043770674,1.4207744367069688,True,180,-1,Jeremy Sochan,Luka Dončić,,,False
22500179,3,86.0,525,personal,203935,1631110,SAS,Foul: Personal,False,False,False,14.73608906646644,15.993970258341758,0.3559187676805543,-0.0,41.694168043770674,9.653776463125713,False,690,-1,Marcus Smart,Jeremy Sochan,,,False
22500179,3,72.0,532,personal,1642264,1629029,LAL,Foul: Personal,False,True,True,16.478585609291038,17.979624311958965,0.6397411746130847,120.83777023889112,41.694168043770674,1.888200201249857,True,167,-1,Stephon Castle,Luka Dončić,,,False
22500179,3,42.4,540,shooting,1630322,203935,LAL,Foul: Shooting,True,False,True,20.509556352394387,20.290839258292674,2.084276357501732,139.4893045682523,41.694168043770674,4.754639839146599,False,153,370512,Lindy Waters III,Marcus Smart,27.22613529976758,8.131383646096157,False
22500179,4,688.0,572,personal,1642261,1631110,SAS,Foul: Personal,False,False,False,13.53822694605672,15.498043610848269,0.5700578144979113,10.350791030469445,41.694168043770674,2.6514901470682464,True,478,-1,Dalton Knecht,Jeremy Sochan,,,False
22500179,4,563.0,594,shooting,1629640,1629637,LAL,Foul: Shooting,False,False,False,14.47045330254123,17.195459174279996,0.5919710470296867,55.28924960537061,41.694168043770674,1.3685759021698394,True,344,-1,Keldon Johnson,Jaxson Hayes,3.663919912567776,1.7912007146045927,False
22500179,4,517.0,606,personal,203084,1629637,LAL,Foul: Personal,False,False,False,17.31402565639579,12.282024145379316,4.755294083237802,151.02094096228507,41.694168043770674,11.52528090763952,False,178,-1,Harrison Barnes,Jaxson Hayes,,,False
22500179,4,478.0,620,personal,1629029,1642264,SAS,Foul: Personal,False,True,True,18.81494496621007,18.91961077199252,1.2541535157846897,104.23047566661896,41.694168043770674,6.373892060585902,False,333,-1,Luka Dončić,Stephon Castle,,,False
22500179,4,427.0,631,shooting,203084,1631222,LAL,Foul: Shooting,True,False,True,17.345892601056086,12.282024145379316,4.779048217224994,58.43081558664815,41.694168043770674,1.2808200498118383,True,270,438708,Harrison Barnes,Jake LaRavia,7.239196141061525,5.733524221628442,False
22500179,4,398.0,643,personal,1631110,1631222,LAL,Foul: Personal,False,False,False,17.28035058227238,21.672349928267185,0.0210659374262147,-0.0,41.694168043770674,8.200762159701986,False,540,-1,Jeremy Sochan,Jake LaRavia,,,False
22500179,4,369.0,650,shooting,1631110,1629029,LAL,Foul: Shooting,False,False,False,17.029150429850862,21.672349928267185,-0.0474344504405553,5.376748842107821,41.694168043770674,2.632451329084738,True,579,-1,Jeremy Sochan,Luka Dončić,12.607054804662283,5.176195514081745,False
22500179,4,259.0,674,shooting,1629028,1642264,SAS,Foul: Shooting,False,False,False,15.317120573946816,19.59640628171625,-0.0300976668760369,112.8098759151993,41.694168043770674,5.622001422980965,False,272,-1,Deandre Ayton,Stephon Castle,16.190327529154708,5.102910933967004,False
22500179,4,234.0,684,personal,203084,1629029,LAL,Foul: Personal,False,True,True,15.954639674672787,12.282024145379316,3.741985870154236,68.44700382600789,41.694168043770674,4.326661530556787,False,366,-1,Harrison Barnes,Luka Dončić,,,False
22500179,4,225.0,688,personal,1629060,1641705,SAS,Foul: Personal,False,False,False,14.756278068138313,20.50808169741509,-0.2202651350339723,30.355040705327387,41.694168043770674,2.544032232500209,True,270,-1,Rui Hachimura,Victor Wembanyama,,,False
22500179,4,181.0,699,personal,1630577,203935,LAL,Foul: Personal,False,True,True,17.63189998671155,20.07824438220808,0.3844989377367002,66.4611440519936,41.694168043770674,2.8792012781325313,True,325,-1,Julian Champagnie,Marcus Smart,,,False
22500179,4,168.0,703,shooting,203935,1641705,SAS,Foul: Shooting,True,False,True,17.487028517791067,15.993970258341758,1.522109535700299,30.879182389539256,41.694168043770674,1.0201960595885475,True,181,496914,Marcus Smart,Victor Wembanyama,12.060979359756512,3.7271168481817143,False
22500179,4,87.0,719,personal,203084,1629028,LAL,Foul: Personal,False,False,False,17.455109765897518,12.282024145379316,4.860460451595141,30.81748580074776,41.694168043770674,0.5510898293381934,True,164,-1,Harrison Barnes,Deandre Ayton,,,False
22500179,4,35.4,732,shooting,1630577,1629060,LAL,Foul: Shooting,False,False,False,17.155593150861375,20.07824438220808,0.1907513425396559,19.21598074443152,41.694168043770674,3.054128353556869,False,308,-1,Julian Champagnie,Rui Hachimura,12.5472521749412,8.76772490444357,False
22500179,4,13.3,738,personal,1631110,203935,LAL,Foul: Personal,False,True,True,17.744278988451466,21.672349928267185,0.147575716418521,69.17002739305956,41.694168043770674,2.6478104161740887,True,178,-1,Jeremy Sochan,Marcus Smart,,,False
22500179,4,0.2,756,shooting,1631222,1630577,SAS,Foul: Shooting,False,False,False,14.940783139526824,19.44328256877589,0.0402399378528951,-0.0,41.694168043770674,0.46238512086787625,True,936,-1,Jake LaRavia,Julian Champagnie,3.662701592008818,7.921369831033017,False
22500342,1,695.0,11,shooting,1629057,1641709,DET,Foul: Shooting,False,False,False,12.62496466351724,20.559110835532543,-0.3874179846505653,77.59638109886542,41.694168043770674,0.4401136216933088,True,359,-1,Robert Williams III,Ausar Thompson,12.624535415874924,19.41628697768963,False
22500342,1,650.0,18,shooting,1629057,1641709,DET,Foul: Shooting,False,False,False,18.287995003498896,20.559110835532543,0.8129648514623279,25.70360766303308,41.694168043770674,5.092671204780454,False,352,-1,Robert Williams III,Ausar Thompson,18.014486963124448,5.273073107780699,False
22500342,1,510.0,56,personal,1641709,1630166,POR,Foul: Personal,False,False,False,18.5132705215084,19.685496475570385,1.1332348970752513,11.391502228634783,41.694168043770674,3.7723865125408333,False,364,-1,Ausar Thompson,Deni Avdija,,,False
22500342,1,506.0,60,shooting,1629130,1630166,POR,Foul: Shooting,True,False,True,16.082516435931325,15.600320974905552,1.0689965446068688,18.930696169043287,41.694168043770674,4.120740224765448,False,421,34970,Duncan Robinson,Deni Avdija,15.474040870407864,9.119616219995226,False
22500342,1,408.0,82,personal,1630595,1641739,POR,Foul: Personal,False,True,True,18.6846278561456,19.21432085849664,1.6314389079645772,92.2388356603005,41.694168043770674,6.508717231528803,False,180,-1,Cade Cunningham,Toumani Camara,,,False
22500342,1,356.0,88,personal,1631321,1631105,DET,Foul: Personal,False,False,False,15.751754249330906,19.03049590134216,0.071983456600355,41.08167690898523,41.694168043770674,1.944865033877674,True,172,-1,Sidy Cissoko,Jalen Duren,,,False
22500342,1,176.0,122,shooting,1630191,1630166,POR,Foul: Shooting,False,False,False,18.038225327169098,19.17115772066273,0.7401686095740334,27.03483224859896,41.694168043770674,1.6337074401495575,True,360,-1,Isaiah Stewart,Deni Avdija,11.21527918145582,17.6613702752646,False
22500342,1,149.0,138,shooting,1630191,1631101,POR,Foul: Shooting,False,False,False,15.645291345983692,19.17115772066273,-0.0415600288720091,132.3628604274833,41.694168043770674,5.252351854169711,False,180,-1,Isaiah Stewart,Shaedon Sharpe,18.143159241847222,8.620469824783333,False
22500342,1,119.0,150,shooting,1641842,1631101,POR,Foul: Shooting,False,False,False,16.592589715610625,19.901593499673048,0.2956981918885301,55.3395036234558,41.694168043770674,4.088642806604655,False,179,-1,Ronald Holland II,Shaedon Sharpe,24.05962720884766,8.050801202364893,False
22500342,1,57.3,160,shooting,1631200,1641842,DET,Foul: Shooting,False,False,False,17.734326000644185,20.290839258292674,1.0149209592218449,28.5558574623134,41.694168043770674,0.24999999999999917,True,278,-1,Kris Murray,Ronald Holland II,10.04741529669856,4.686032436934254,False
22500342,2,691.0,183,shooting,1631200,1630191,DET,Foul: Shooting,False,False,False,17.58566366112876,20.290839258292674,0.9576381916196958,63.29893955319618,41.694168043770674,1.3461426373159713,True,182,-1,Kris Murray,Isaiah Stewart,7.17902060496249,3.3359406469540196,False
22500342,2,655.0,193,shooting,1631126,1631093,DET,Foul: Shooting,False,False,True,17.636630794926578,20.290839258292674,0.9772769144475788,49.26169560980145,41.694168043770674,8.8,False,449,-1,Caleb Love,Jaden Ivey,37.55329345347343,2.029802946100926,True
22500342,2,639.0,201,personal,203924,1641842,DET,Foul: Personal,False,False,False,20.215798204896988,18.79115818856829,1.6782056304470483,69.56477822533358,41.694168043770674,10.185956017969055,False,360,-1,Jerami Grant,Ronald Holland II,,,False
22500342,2,563.0,221,personal,1630191,1631321,POR,Foul: Personal,False,True,True,20.51035157437807,19.17115772066273,1.547767941813054,53.12513789688786,41.694168043770674,1.2490796611905912,True,163,-1,Isaiah Stewart,Sidy Cissoko,,,False
22500342,2,511.0,243,shooting,1641842,203924,POR,Foul: Shooting,False,False,True,16.96359164258822,19.901593499673048,0.4373986532561643,97.54816441308454,41.694168043770674,0.22847319317591577,True,178,-1,Ronald Holland II,Jerami Grant,30.685743317622883,3.141671529616042,True
22500342,2,488.0,255,personal,1629750,203924,POR,Foul: Personal,False,True,True,15.835930914499928,20.290839258292674,0.2834288752742505,59.14455926162495,41.694168043770674,2.9472190281687562,True,299,-1,Javonte Green,Jerami Grant,,,False
22500342,2,474.0,259,shooting,1631105,1641871,POR,Foul: Shooting,False,False,False,20.81932005432349,20.850443253292653,1.5184412983337172,55.98630524613517,41.694168043770674,3.34167622608774,False,201,-1,Jalen Duren,Duop Reath,13.28056323842545,3.2597239146897103,False
22500342,2,411.0,279,personal,1641739,1631105,DET,Foul: Personal,False,False,False,16.360701228634422,19.2827733298056,-0.0644593284277108,19.38433114722022,41.694168043770674,6.543156730508601,False,284,-1,Toumani Camara,Jalen Duren,,,False
22500342,2,377.0,285,personal,1641739,1630595,DET,Foul: Personal,False,False,False,18.49834079541687,19.2827733298056,0.8740627200878688,29.06296286293546,41.694168043770674,13.465726864896673,False,360,-1,Toumani Camara,Cade Cunningham,,,False
22500342,2,305.0,305,shooting,1641739,1641709,DET,Foul: Shooting,False,False,False,14.28641025414686,19.2827733298056,-0.9751684324529978,56.20668356203458,41.694168043770674,2.2943626565998656,True,396,-1,Toumani Camara,Ausar Thompson,1.8008934792069327,0.7919595949289299,False
22500342,2,265.0,324,shooting,203924,202699,DET,Foul: Shooting,True,False,True,19.799676265239302,18.79115818856829,1.5349880276872725,-0.0,41.694168043770674,1.7792414113885737,True,540,209848,Jerami Grant,Tobias Harris,7.327389504718894,2.705124766069025,False
22500342,2,217.0,335,shooting,202699,203924,POR,Foul: Shooting,True,False,True,19.451099952283784,18.62895030558383,1.808452072670328,154.15573609383435,41.694168043770674,8.57649112399704,False,180,216120,Tobias Harris,Jerami Grant,18.407283266505136,14.232540180867224,False
22500342,2,196.0,340,shooting,1630166,1631105,DET,Foul: Shooting,False,False,False,15.29319821440374,20.60364994412395,0.3824978576541363,11.277776794407798,41.694168043770674,2.6023258827441236,True,458,-1,Deni Avdija,Jalen Duren,6.874811120994178,5.261653732430518,False
22500342,2,173.0,353,shooting,203924,1631105,DET,Foul: Shooting,False,False,False,17.70280981494167,18.79115818856829,0.8133048918111138,73.45116396823241,41.694168043770674,4.111471755953091,False,354,-1,Jerami Grant,Jalen Duren,32.77816473242412,7.361426492195655,False
22500342,2,34.2,382,personal,1641709,1630166,POR,Foul: Personal,False,False,False,19.123400204904065,19.685496475570385,1.2942971753578538,34.451179293369684,41.694168043770674,1.480540441865741,True,152,-1,Ausar Thompson,Deni Avdija,,,False
22500342,2,10.1,390,shooting,1642450,1630166,POR,Foul: Shooting,True,False,True,18.516060342329933,17.00239919051474,1.8431919593705428,104.83186751795613,41.694168043770674,2.1660332407421636,True,151,251060,Daniss Jenkins,Deni Avdija,12.850667676175128,2.4555243839147667,False
22500342,2,0.5,394,shooting,1629057,1630595,DET,Foul: Shooting,False,False,False,5.107612495778191,20.559110835532543,-1.9808582407377744,35.797543314451524,41.694168043770674,13.688860434674613,False,5,-1,Robert Williams III,Cade Cunningham,0.14205781669684237,13.893210572074405,False
22500342,3,680.0,417,personal,1629130,1631321,POR,Foul: Personal,False,True,True,20.25787151616398,15.600320974905552,3.929137862745215,178.0139465589348,41.694168043770674,3.2489075086865724,False,181,-1,Duncan Robinson,Sidy Cissoko,,,False
22500342,3,626.0,429,shooting,1631321,1631105,DET,Foul: Shooting,True,False,True,23.0590731652537,19.03049590134216,3.197494732541504,114.46112251158851,41.694168043770674,5.449449513482992,False,304,270884,Sidy Cissoko,Jalen Duren,8.015515222179788,2.794279871451676,False
22500342,3,582.0,438,personal,1630595,1631321,POR,Foul: Personal,False,False,False,17.740522251831276,19.21432085849664,1.279104106393643,38.02765604603918,41.694168043770674,3.088769981724116,False,271,-1,Cade Cunningham,Sidy Cissoko,,,False
22500342,3,363.0,478,personal,1631200,1631105,DET,Foul: Personal,False,True,True,17.55739555204211,20.290839258292674,0.94674588675862,65.96239161459033,41.694168043770674,1.646845469374707,True,181,-1,Kris Murray,Jalen Duren,,,False
22500342,3,332.0,488,shooting,1631321,1631105,DET,Foul: Shooting,False,False,False,18.76236335951811,19.03049590134216,1.359691414828008,137.77218397405275,41.694168043770674,3.4036451048838794,False,381,-1,Sidy Cissoko,Jalen Duren,3.897919614736309,8.629553870276261,False
22500342,3,330.0,498,personal,1641739,1630191,DET,Foul: Personal,False,False,False,17.30866352737836,19.2827733298056,0.3517397036064134,7.326843062789139,41.694168043770674,4.430857704779062,False,363,-1,Toumani Camara,Isaiah Stewart,,,False
22500342,3,261.0,509,shooting,1641842,1630166,POR,Foul: Shooting,False,False,False,18.06482842419956,19.901593499673048,0.85800498622208,101.06966885902688,41.694168043770674,13.098251791746867,False,178,-1,Ronald Holland II,Deni Avdija,16.86353295656094,1.4800337833982038,False
22500342,3,230.0,522,shooting,1631093,1630166,POR,Foul: Shooting,False,False,False,18.88235750926493,20.290839258292674,1.457281965530664,61.024752168218654,41.694168043770674,3.736870348299496,False,181,-1,Jaden Ivey,Deni Avdija,13.234165968623968,3.6252724035581094,False
22500342,3,199.0,528,personal,1631093,1630166,POR,Foul: Personal,False,True,True,18.68998798060273,20.290839258292674,1.383157886493495,156.6603587774302,41.694168043770674,4.681538208751478,False,178,-1,Jaden Ivey,Deni Avdija,,,False
22500342,3,151.0,540,shooting,1627747,1631101,POR,Foul: Shooting,False,False,False,18.34415826010455,20.290839258292674,1.249902325106625,103.58943862908188,41.694168043770674,5.379117027914525,False,392,-1,Caris LeVert,Shaedon Sharpe,27.234145193884334,13.312268777334689,False
22500342,3,122.0,553,shooting,1631101,1641842,DET,Foul: Shooting,True,False,True,18.5790473609284,17.876675699506723,1.59234062701405,20.25913389095692,41.694168043770674,4.815859217211399,False,412,356254,Shaedon Sharpe,Ronald Holland II,9.440229858085218,2.351722772777438,False
22500342,4,651.0,612,personal,1641739,202699,DET,Foul: Personal,False,False,False,15.88563810557488,19.2827733298056,-0.2730338806377214,26.63044468700451,41.694168043770674,3.865177874302811,False,298,-1,Toumani Camara,Tobias Harris,,,False
22500342,4,647.0,617,personal,1631321,1630191,DET,Foul: Personal,False,False,False,15.509648437180166,19.03049590134216,-0.0315708640136191,38.15173471667863,41.694168043770674,1.5601602481796533,True,235,-1,Sidy Cissoko,Isaiah Stewart,,,False
22500342,4,620.0,624,personal,1631321,1630191,DET,Foul: Personal,False,True,True,17.14816958430804,19.03049590134216,0.6692629684959981,95.0785543359281,41.694168043770674,1.9635936443164597,True,163,-1,Sidy Cissoko,Isaiah Stewart,,,False
22500342,4,530.0,645,shooting,1630166,202699,DET,Foul: Shooting,True,False,True,20.70219291876532,20.60364994412395,1.704409099492847,36.73094582185767,41.694168043770674,4.871355047622787,False,364,410380,Deni Avdija,Tobias Harris,6.659718658426922,1.8380696395947576,False
22500342,4,489.0,657,shooting,1641842,1630166,POR,Foul: Shooting,False,False,False,16.42716297589517,19.901593499673048,0.2325151094415233,131.2758760149558,41.694168043770674,0.2009975124224206,True,179,-1,Ronald Holland II,Deni Avdija,13.657448962080128,0.9945853407325093,False
22500342,4,406.0,683,personal,1630191,1631321,POR,Foul: Personal,False,False,False,20.042451527582,19.17115772066273,1.3949133836068386,135.73114891584677,41.694168043770674,13.818440577720773,False,330,-1,Isaiah Stewart,Sidy Cissoko,,,False
22500342,4,385.0,687,shooting,1631321,1642450,DET,Foul: Shooting,False,False,False,15.787497991812572,19.03049590134216,0.0872718915867284,103.21041707116903,41.694168043770674,0.9449338601193216,True,171,-1,Sidy Cissoko,Daniss Jenkins,9.528723697176172,2.5325481239257814,False
22500342,4,278.0,707,shooting,1630191,1631101,POR,Foul: Shooting,True,False,True,21.335584741917923,19.17115772066273,1.8173568253901395,16.997368662949718,41.694168043770674,4.566420917961901,False,473,450618,Isaiah Stewart,Shaedon Sharpe,0.7585586335278172,5.2060061467501155,False
22500342,4,201.0,734,shooting,1631101,1630595,DET,Foul: Shooting,True,False,True,19.24632542800234,17.876675699506723,1.843426505479937,115.76672785013623,41.694168043770674,3.5933967217661893,False,171,469978,Shaedon Sharpe,Cade Cunningham,20.83503276048323,4.821493544535757,True
22500342,4,180.0,740,shooting,1629057,1630595,DET,Foul: Shooting,False,False,False,12.419746818366278,20.559110835532543,-0.4309176595938724,47.248332639132805,41.694168043770674,6.2172743224020595,False,176,-1,Robert Williams III,Cade Cunningham,22.383687932032743,10.875660899458019,False
22500342,4,75.0,763,personal,1631200,1629130,DET,Foul: Personal,False,False,False,16.692759415064796,20.290839258292674,0.6135831566661593,26.845310064312866,41.694168043770674,1.1261438629233842,True,170,-1,Kris Murray,Duncan Robinson,,,False
22500342,4,43.8,772,shooting,1630166,1641842,DET,Foul: Shooting,False,False,False,19.20942034260488,20.60364994412395,1.3395884705608532,89.50924062395805,41.694168043770674,1.8038015411901624,True,224,-1,Deni Avdija,Ronald Holland II,12.433544202916021,8.223527223764751,False
22500342,4,21.2,784,shooting,1631105,203924,POR,Foul: Shooting,False,False,False,15.77079120283768,20.850443253292653,-0.2105348536825156,18.713179697798687,41.694168043770674,3.6235341863986856,False,330,-1,Jalen Duren,Jerami Grant,6.7422406757966264,13.74314738333254,False
22500342,4,19.8,790,personal,1631101,1630595,DET,Foul: Personal,False,False,False,18.90152994654144,17.876675699506723,1.7136855764347052,20.40208888947752,41.694168043770674,4.001362268028228,False,463,-1,Shaedon Sharpe,Cade Cunningham,,,False
22500342,4,15.8,804,personal,1630166,1630595,DET,Foul: Personal Take,False,False,False,9.566614365773749,20.60364994412395,-1.0170294076862842,-0.0,41.694168043770674,,False,155,-1,Deni Avdija,Cade Cunningham,,,False
22500379,1,640.0,17,shooting,1629637,203994,UTA,Foul: Shooting,False,False,False,17.729040868450838,22.262680519056097,0.2745953202933535,41.41401065613318,41.694168043770674,2.620534296665474,True,296,-1,Jaxson Hayes,Jusuf Nurkić,7.9481524439327345,1.9445565047074351,False
22500379,1,527.0,37,shooting,203935,1629004,UTA,Foul: Shooting,True,False,True,17.448630981859978,15.993970258341758,1.5058318775730066,29.44993509917906,41.694168043770674,17.531928017191944,False,216,15382,Marcus Smart,Svi Mykhailiuk,8.808916677590638,2.965029510814352,False
22500379,1,496.0,45,personal,1629004,1629029,LAL,Foul: Personal,False,False,False,17.70404846515369,18.03699751009784,0.6913409198454792,87.99155867757703,41.694168043770674,11.079945848243126,False,179,-1,Svi Mykhailiuk,Luka Dončić,,,False
22500379,1,407.0,64,shooting,1642268,1629637,LAL,Foul: Shooting,False,False,False,13.886208635942223,18.26825837370864,-0.7930387893534757,116.13591302273528,41.694168043770674,2.2908513701242175,True,180,-1,Isaiah Collier,Jaxson Hayes,11.407274928568668,13.270964546708727,False
22500379,1,288.0,97,shooting,1641733,1642268,UTA,Foul: Shooting,False,False,False,15.999337875346798,19.141499981145014,-0.5217586341016258,26.350163823121893,41.694168043770674,0.12206555615733836,True,330,-1,Nick Smith Jr.,Isaiah Collier,25.226043649983893,16.121749284739543,False
22500379,1,272.0,104,shooting,1641729,1629029,LAL,Foul: Shooting,False,False,False,18.37843004611544,20.3075561689604,0.7963453093862853,131.92655171759466,41.694168043770674,4.766560604880632,False,274,-1,Brice Sensabaugh,Luka Dončić,10.879792025335767,7.034273238935208,False
22500379,1,238.0,112,shooting,201567,1629029,LAL,Foul: Shooting,False,False,False,14.988270597188484,16.236641448818737,0.4968199465410025,46.86650976887851,41.694168043770674,0.1599999999999997,True,180,-1,Kevin Love,Luka Dončić,37.24506005311815,15.571849601123175,False
22500379,1,181.0,124,shooting,1631222,1641707,UTA,Foul: Shooting,False,False,False,17.77439790643769,19.44328256877589,1.01242735850892,25.063591414615257,41.694168043770674,1.8984203960134873,True,300,-1,Jake LaRavia,Taylor Hendricks,12.45392601059315,10.755579947171608,False
22500379,1,164.0,129,shooting,1642268,1629029,LAL,Foul: Shooting,False,False,False,18.158304268746345,18.26825837370864,1.1299021629968808,109.127635807017,41.694168043770674,0.8670063436907477,True,180,-1,Isaiah Collier,Luka Dončić,11.298512429571439,3.4368008379887245,False
22500379,1,111.0,142,shooting,1629020,1641707,UTA,Foul: Shooting,False,False,False,16.323712962684425,19.2568135434862,0.6381355415120641,32.47219699729368,41.694168043770674,2.6257379914987693,True,360,-1,Jarred Vanderbilt,Taylor Hendricks,29.523912844239963,11.836975965169481,False
22500379,1,60.0,156,shooting,1642271,1629029,LAL,Foul: Shooting,True,False,True,17.543207612528974,16.617922802025035,2.820837142386982,-0.0,41.694168043770674,2.9079546076237164,True,549,95520,Kyle Filipowski,Luka Dončić,10.743286672374596,7.621213814084996,False
22500379,1,48.5,161,personal,1631222,1642268,UTA,Foul: Personal,False,True,True,17.74396470588214,19.44328256877589,1.001986004554986,99.89154462707002,41.694168043770674,0.9269843580125818,True,360,-1,Jake LaRavia,Isaiah Collier,,,False
22500379,1,3.2,173,shooting,1641707,2544,LAL,Foul: Shooting,False,False,False,13.987048044697634,20.290839258292674,-0.4289850965473759,14.556960610742584,41.694168043770674,1.6559287424282487,True,406,-1,Taylor Hendricks,LeBron James,12.669660512903638,8.460413701468742,False
22500379,2,650.0,201,personal,1642876,1642268,UTA,Foul: Personal,False,True,True,19.50330924811241,20.290839258292674,1.6965479037937965,42.99141578604766,41.694168043770674,2.578410362994997,True,298,-1,Adou Thiero,Isaiah Collier,,,False
22500379,2,609.0,207,shooting,1642876,1642846,UTA,Foul: Shooting,False,False,True,19.593480366777094,20.290839258292674,1.7312927574785375,32.77510262172459,41.694168043770674,3.764943558673888,False,480,-1,Adou Thiero,Ace Bailey,34.10666091676741,2.482196607845559,True
22500379,2,587.0,217,shooting,203935,1641729,UTA,Foul: Shooting,True,False,True,18.1085752008306,15.993970258341758,1.7855984333948536,41.8407481605756,41.694168043770674,9.118294796725976,False,179,132348,Marcus Smart,Brice Sensabaugh,9.68054800096398,3.2381785003300854,False
22500379,2,541.0,229,personal,1642876,203994,UTA,Foul: Personal,False,True,True,17.244943614645045,20.290839258292674,0.8263514965243661,44.984283472301854,41.694168043770674,0.6552098900352457,True,158,-1,Adou Thiero,Jusuf Nurkić,,,False
22500379,2,514.0,241,shooting,1631222,1642383,UTA,Foul: Shooting,True,False,True,19.86432653980487,19.44328256877589,1.7294628395328375,78.75684660081977,41.694168043770674,2.4509793960782282,True,322,142146,Jake LaRavia,Walter Clayton Jr.,7.4579511765773985,2.984124662275354,False
22500379,2,501.0,249,shooting,1641707,2544,LAL,Foul: Shooting,True,False,True,20.320950109854383,20.290839258292674,2.0116023528079428,31.38104885930625,41.694168043770674,1.844803512572546,True,364,146056,Taylor Hendricks,LeBron James,4.891600096775944,2.685162937328017,False
22500379,2,472.0,255,personal,1642383,2544,LAL,Foul: Personal,False,True,True,16.999644176202857,17.69680196428028,1.0726442141984152,171.64687386672873,41.694168043770674,2.5899227787716,True,180,-1,Walter Clayton Jr.,LeBron James,,,False
22500379,2,450.0,260,shooting,1629060,203994,UTA,Foul: Shooting,False,False,False,18.6861068877099,20.50808169741509,0.737614922786753,-0.0,41.694168043770674,6.28530031104322,False,630,-1,Rui Hachimura,Jusuf Nurkić,19.67256071764688,6.6149678759613035,False
22500379,2,293.0,286,shooting,1629637,203994,UTA,Foul: Shooting,False,False,False,15.230214043812245,22.262680519056097,-0.265147744413327,39.62743493329679,41.694168043770674,1.0000499987500624,True,514,-1,Jaxson Hayes,Jusuf Nurkić,1.6475211987884317,1.4024621207005927,False
22500379,2,88.0,352,shooting,1628467,1641718,UTA,Foul: Shooting,True,False,True,20.30100303404335,20.290839258292674,2.0039163193999507,20.658863603106475,41.694168043770674,2.0280039447693374,True,346,211994,Maxi Kleber,Keyonte George,15.723497834205551,8.495180986888979,False
22500379,2,67.0,362,shooting,1641718,2544,LAL,Foul: Shooting,False,False,False,18.237534626818395,18.8186755961288,1.177450131386793,38.62150920974387,41.694168043770674,2.2005681084665385,True,184,-1,Keyonte George,LeBron James,15.535398713334791,3.696931159759402,False
22500379,2,46.0,368,shooting,2544,1641718,UTA,Foul: Shooting,True,False,True,20.14619292396951,19.36366278162904,1.729170637754697,22.488965577854174,41.694168043770674,4.698137929009746,False,304,221582,LeBron James,Keyonte George,28.147017990442116,7.02985775105016,False
22500379,2,8.0,376,shooting,1629029,1642268,UTA,Foul: Shooting,True,False,True,19.007737868652715,18.91961077199252,1.306297852121605,35.69917800473962,41.694168043770674,4.671316730858656,False,330,226734,Luka Dončić,Isaiah Collier,14.288440932081523,7.57081237384734,False
22500379,2,3.3,380,shooting,1641707,1629029,LAL,Foul: Shooting,False,False,False,18.550586353995936,20.290839258292674,1.3294434689328187,17.150278717170963,41.694168043770674,1.543534904043313,True,440,-1,Taylor Hendricks,Luka Dončić,3.5542448162960554,19.470143810460158,False
22500379,3,600.0,411,shooting,203935,203994,UTA,Foul: Shooting,True,False,True,16.386080754835984,15.993970258341758,1.0553907511003762,84.01310572892946,41.694168043770674,5.403184246349556,False,364,241626,Marcus Smart,Jusuf Nurkić,15.162415812068812,1.4117365193264655,False
22500379,3,521.0,428,personal,1629029,1642846,UTA,Foul: Personal,False,True,True,17.120191778832353,18.91961077199252,0.7957767856715346,89.15777643156439,41.694168043770674,0.8655634003352966,True,179,-1,Luka Dončić,Ace Bailey,,,False
22500379,3,432.0,452,shooting,1642271,2544,LAL,Foul: Shooting,False,False,False,14.36980938793677,16.617922802025035,-1.409257304193308,107.74828103717338,41.694168043770674,2.8040149785619906,True,270,-1,Kyle Filipowski,LeBron James,34.37053907713264,6.450627876416372,False
22500379,3,358.0,474,personal,1642268,1629029,LAL,Foul: Personal,False,False,False,17.468029006916797,18.26825837370864,0.8191978428093782,34.842941382106616,41.694168043770674,3.029884486246959,False,181,-1,Isaiah Collier,Luka Dončić,,,False
22500379,3,275.0,493,shooting,1629637,201567,UTA,Foul: Shooting,False,False,False,17.71130543491939,22.262680519056097,0.2707644917005997,113.15985624331334,41.694168043770674,0.698569967862919,True,332,-1,Jaxson Hayes,Kevin Love,5.925176720292063,11.163726976238715,False
22500379,3,256.0,501,shooting,1641707,1629029,LAL,Foul: Shooting,False,False,False,19.53271422472313,20.290839258292674,1.7078782679400124,74.64639361464114,41.694168043770674,10.280043774225867,False,176,-1,Taylor Hendricks,Luka Dončić,7.339035379355466,6.640075300777843,False
22500379,3,80.0,535,shooting,1629020,1642268,UTA,Foul: Shooting,False,False,True,18.71563744392811,19.2568135434862,1.3796387559167993,60.75737141499723,41.694168043770674,4.227067541452349,False,179,-1,Jarred Vanderbilt,Isaiah Collier,39.23844494381409,2.2106333933965634,True
22500379,3,72.0,542,shooting,201567,1629029,LAL,Foul: Shooting,False,False,False,13.769681940927583,16.236641448818737,-0.1499863379147689,17.171241843300212,41.694168043770674,2.6718720029222958,True,364,-1,Kevin Love,Luka Dončić,8.55926449047339,3.9702015062210623,False
22500379,4,632.0,585,shooting,201567,1628467,LAL,Foul: Shooting,False,False,False,14.886782663340478,16.236641448818737,0.4429518647464946,30.24770463260471,41.694168043770674,10.426897908774208,False,238,-1,Kevin Love,Maxi Kleber,9.467062544547952,3.14014330883162,False
22500379,4,607.0,592,shooting,1642383,1628467,LAL,Foul: Shooting,False,False,False,17.350618649435578,17.69680196428028,1.2071249334362124,23.323997004708225,41.694168043770674,2.874526047890331,True,303,-1,Walter Clayton Jr.,Maxi Kleber,8.477586162781066,11.671675115423662,False
22500379,4,502.0,620,shooting,1641707,2544,LAL,Foul: Shooting,False,False,False,17.903609576238093,20.290839258292674,1.0801495285502627,130.10897746735682,41.694168043770674,7.39310489577958,False,211,-1,Taylor Hendricks,LeBron James,40.57103371260898,15.225380126617527,False
22500379,4,484.0,626,shooting,1631222,1641718,UTA,Foul: Shooting,False,False,True,18.28076574496945,19.44328256877589,1.1861575523919907,114.30515508095256,41.694168043770674,1.9900753754569194,True,179,-1,Jake LaRavia,Keyonte George,61.58489357043443,5.938770916612292,True
22500379,4,396.0,647,personal,1642268,1628467,LAL,Foul: Personal,False,False,False,17.83400730422118,18.26825837370864,0.983930731781745,4.590780607820692,41.694168043770674,2.2643321311150446,True,600,-1,Isaiah Collier,Maxi Kleber,,,False
22500379,4,386.0,655,shooting,1641718,1629029,LAL,Foul: Shooting,False,False,False,14.633918330241174,18.8186755961288,-0.4068766484967455,26.252622025701108,41.694168043770674,15.151765573688104,False,356,-1,Keyonte George,Luka Dončić,18.977527586447742,4.790991546642512,False
22500379,4,377.0,658,personal,203935,1641718,UTA,Foul: Personal,False,False,False,15.413897615507784,15.993970258341758,0.6432584515824504,49.62719141596703,41.694168043770674,9.829282781566516,False,180,-1,Marcus Smart,Keyonte George,,,False
22500379,4,278.0,672,personal,203935,1641718,UTA,Foul: Personal,False,False,False,15.399639099573692,15.993970258341758,0.6372139166364001,20.5472610137708,41.694168043770674,1.8562596801094398,True,170,-1,Marcus Smart,Keyonte George,,,False
22500379,4,243.0,690,shooting,1629060,1642846,UTA,Foul: Shooting,False,False,False,14.6103262198579,20.50808169741509,-0.2558403143327803,13.93213017260287,41.694168043770674,1.0599999999999987,True,600,-1,Rui Hachimura,Ace Bailey,30.596249410134277,1.9952944644838757,False
22500379,4,231.0,695,shooting,1642846,1629637,LAL,Foul: Shooting,True,False,True,20.37313802442731,18.48523894437905,2.230489953815664,24.39817894353897,41.694168043770674,2.414477169078226,True,444,449764,Ace Bailey,Jaxson Hayes,11.169576519729898,2.6610148440021915,False
22500379,4,122.0,715,shooting,1631222,1641718,UTA,Foul: Shooting,False,False,True,19.03071344999988,19.44328256877589,1.443457780176754,31.7743026687841,41.694168043770674,0.5035871324805671,True,360,-1,Jake LaRavia,Keyonte George,23.163461696972377,3.160775221365796,True
22500379,4,42.0,731,shooting,1629060,1642846,UTA,Foul: Shooting,False,False,False,16.044435515286104,20.50808169741509,0.0937180908538763,8.232890794650263,41.694168043770674,1.724673882216577,True,551,-1,Rui Hachimura,Ace Bailey,11.438694160148435,7.035801304755558,False
22500379,4,41.0,736,personal,203994,2544,LAL,Foul: Personal,False,False,False,18.478432722948217,19.752544637303245,0.4724457043955248,5.09989421682429,41.694168043770674,0.5162363799656139,True,590,-1,Jusuf Nurkić,LeBron James,,,False
22500379,4,37.1,744,shooting,1629060,1641718,UTA,Foul: Shooting,False,False,False,19.62149088570325,20.50808169741509,0.9656110313246627,13.74525949636426,41.694168043770674,5.282092388438507,False,394,-1,Rui Hachimura,Keyonte George,43.65268789145238,11.484550491856442,False
22500379,4,29.4,752,personal,1641718,1631222,LAL,Foul: Personal Take,False,False,False,14.90577507590025,18.8186755961288,-0.2873550660106308,25.30033046738327,41.694168043770674,2.212374290214023,True,201,-1,Keyonte George,Jake LaRavia,,,False
22500379,4,20.4,758,personal,1642271,1629029,LAL,Foul: Personal Take,False,False,False,18.025659508378222,16.617922802025035,3.463938619396314,20.312511509833865,41.694168043770674,2.0125854019146585,True,397,-1,Kyle Filipowski,Luka Dončić,,,False
22500379,4,11.4,768,personal,1642271,2544,LAL,Foul: Personal Take,False,True,True,15.33300193195186,16.617922802025035,-0.1253354188618992,58.30384890197251,41.694168043770674,0.08246211251235167,True,419,-1,Kyle Filipowski,LeBron James,,,False
22500559,1,360.0,69,shooting,1631248,1642277,IND,Foul: Shooting,True,False,True,18.62250001490693,18.439742525347835,1.6506277099046414,115.83337822040784,41.694168043770674,2.5554842985234716,True,179,36834,Baylor Scheierman,Johnny Furphy,20.468114649412357,3.864634523470492,False
22500559,1,242.0,84,shooting,1630643,1631248,BOS,Foul: Shooting,False,False,False,18.346547643700035,19.5070009393108,1.1029995068293774,62.89267811524436,41.694168043770674,2.6700187265260893,True,172,-1,Jay Huff,Baylor Scheierman,9.009840849263924,4.5127042890045415,False
22500559,1,54.6,125,shooting,1630174,1628401,BOS,Foul: Shooting,False,False,False,17.423755756680478,18.531173173558155,0.8923415621883257,78.70173600382941,41.694168043770674,2.6667770810474583,True,153,-1,Aaron Nesmith,Derrick White,27.764620045190874,9.328156302292538,False
22500559,2,568.0,164,shooting,1628401,1627783,IND,Foul: Shooting,False,False,False,18.23854537580258,18.28785465003269,1.443929062874763,36.812065486784114,41.694168043770674,4.110109487592759,False,179,-1,Derrick White,Pascal Siakam,9.557692060306039,18.45480967119412,False
22500559,2,459.0,200,personal,1630573,1631245,IND,Foul: Personal,False,True,True,19.609342318381607,19.93562178333336,1.1753084275004717,100.34624491480236,41.694168043770674,6.8115930588959905,False,181,-1,Sam Hauser,Quenton Jackson,,,False
22500559,2,373.0,212,personal,1629014,1641716,IND,Foul: Personal,False,True,True,17.098410675367703,18.608718750753813,0.6359070504318388,47.39737045895229,41.694168043770674,5.2822911695589045,False,181,-1,Anfernee Simons,Jarace Walker,,,False
22500559,2,367.0,218,shooting,1631248,1627783,IND,Foul: Shooting,False,False,False,17.269741832469357,18.439742525347835,1.166949732692572,45.6511018601363,41.694168043770674,1.4701360481261578,True,180,-1,Baylor Scheierman,Pascal Siakam,4.083757104898199,8.319284825031536,False
22500559,4,608.0,449,shooting,1641716,1630573,BOS,Foul: Shooting,False,False,False,16.343715747815466,18.586202732726186,0.3879703895187187,135.9568321679969,41.694168043770674,4.895242588473016,False,177,-1,Jarace Walker,Sam Hauser,4.761593433706993,6.427767886288363,False
22500559,4,576.0,459,shooting,1631245,1629674,BOS,Foul: Shooting,True,False,True,18.53794447220926,15.711381220835015,2.331668634242079,93.0477972517392,41.694168043770674,3.5263862522418044,False,184,302586,Quenton Jackson,Neemias Queta,10.964755321046963,8.847129477971936,False
22500559,4,500.0,470,shooting,1641775,204456,IND,Foul: Shooting,False,False,False,17.559279244396055,19.859939310635035,0.4744761545507736,110.75739472510192,41.694168043770674,1.433492239253495,True,179,-1,Jordan Walsh,T.J. McConnell,15.744538270170343,2.311730953203684,False
22500559,4,220.0,512,shooting,1641716,1629674,BOS,Foul: Shooting,False,False,False,11.563957473099222,18.586202732726186,-1.573746734571568,75.35895009489732,41.694168043770674,,False,148,-1,Jarace Walker,Neemias Queta,8.722990372900792,8.588282715421052,False
22500559,4,5.1,570,personal,1629614,1630202,BOS,Foul: Personal Take,False,False,False,11.77479510190394,19.36891343334292,-1.7870078067615502,15.154135621451577,41.694168043770674,,False,122,-1,Andrew Nembhard,Payton Pritchard,,,False
22500676,1,191.0,95,personal,1642883,1628991,MEM,Foul: Personal,False,True,True,15.404928296620463,18.340321175491663,-0.7370368107080817,218.45390030711155,41.694168043770674,3.3474169145775687,False,179,-1,Sion James,Jaren Jackson Jr.,,,False
22500676,1,28.0,128,shooting,1629012,1641765,MEM,Foul: Shooting,True,False,True,20.72790194108747,19.50729727016921,1.9761927986891568,63.4136919827369,41.694168043770674,5.705032865812431,False,150,78208,Collin Sexton,Olivier-Maxence Prosper,6.574333260851802,14.385384944449697,False
22500676,2,592.0,166,shooting,1631246,1629012,CHA,Foul: Shooting,False,False,True,17.17110444916109,18.406260562399737,0.5733829056309481,87.43922016721741,41.694168043770674,2.631900454044567,True,178,-1,Vince Williams Jr.,Collin Sexton,15.522919868889545,2.861118662341709,True
22500676,2,19.2,275,personal,1642883,1629111,MEM,Foul: Personal,False,False,False,15.875602244709974,18.340321175491663,-0.4265011795246409,27.88839049840645,41.694168043770674,4.784746597260926,False,152,-1,Sion James,Jock Landale,,,False
22500676,3,709.0,289,personal,1642377,1630163,CHA,Foul: Personal,False,False,False,17.4753940130443,16.452246356170953,1.7856183326706507,32.857778289612405,41.694168043770674,4.091185647217687,False,182,-1,Jaylen Wells,LaMelo Ball,,,False
22500676,3,691.0,293,shooting,1642851,1629111,MEM,Foul: Shooting,False,False,True,17.01771586760099,17.703997837524884,0.8633256592758486,128.5665451424511,41.694168043770674,6.841235268575405,False,180,-1,Kon Knueppel,Jock Landale,24.81948038329651,1.998124120268808,True
22500676,3,477.0,329,shooting,1642851,1642907,MEM,Foul: Shooting,False,False,False,15.499474330306883,17.703997837524884,0.4051171952048663,79.67932512883272,41.694168043770674,2.1420084033448608,True,180,-1,Kon Knueppel,Cedric Coward,45.758531778081874,14.44673319473991,False
22500676,3,417.0,346,personal,1642285,1642851,CHA,Foul: Personal,False,True,True,14.409731953271834,15.391131596920069,0.1761869596735059,101.57073491325887,41.694168043770674,2.406511998723466,True,180,-1,Cam Spencer,Kon Knueppel,,,False
22500676,4,687.0,466,personal,1628970,1641713,MEM,Foul: Personal,False,True,True,14.42341244893938,16.38738391007645,0.1178269047772992,92.89634683764088,41.694168043770674,1.714934401077778,True,176,-1,Miles Bridges,GG Jackson,,,False
22500676,4,650.0,472,personal,1630163,1631246,MEM,Foul: Personal,False,True,True,18.282383940861745,16.773113351263277,1.8006735098108362,100.22191165462662,41.694168043770674,3.993356983791957,False,180,-1,LaMelo Ball,Vince Williams Jr.,,,False
22500676,4,620.0,478,shooting,1631217,1641713,MEM,Foul: Shooting,False,False,False,18.63612023795132,20.19079117071552,0.658326347580285,76.26962014967536,41.694168043770674,0.6907966415668223,True,183,-1,Moussa Diabaté,GG Jackson,34.41622990828558,6.846758357062122,False
22500676,4,492.0,510,personal,1628991,1628970,CHA,Foul: Personal,False,True,True,19.18253064112356,21.70460718510627,1.0059634248644354,147.43305269412062,41.694168043770674,1.1709824934643558,True,178,-1,Jaren Jackson Jr.,Miles Bridges,,,False
22500676,4,404.0,533,personal,1629111,1631217,CHA,Foul: Personal,False,False,False,18.7789575037667,18.887251644419493,1.481638100460923,24.370893938432843,41.694168043770674,8.792326199590185,False,181,-1,Jock Landale,Moussa Diabaté,,,False
22500676,4,366.0,544,shooting,1642377,1631217,CHA,Foul: Shooting,False,False,False,15.087842922111216,16.452246356170953,0.8233134263036058,105.70965993100064,41.694168043770674,11.162195124615947,False,179,-1,Jaylen Wells,Moussa Diabaté,18.13719506127726,15.02766781639786,False
22500676,4,291.0,564,shooting,1629012,1642285,MEM,Foul: Shooting,False,False,False,16.11965660835789,19.50729727016921,0.2326510082072111,40.14849661758056,41.694168043770674,2.116270304096336,True,178,-1,Collin Sexton,Cam Spencer,21.82453773699419,1.4200352108310552,False
22500676,4,22.6,620,personal,1642377,1629684,CHA,Foul: Personal,False,True,True,19.625328922125444,16.452246356170953,2.652151794189173,47.137474944155,41.694168043770674,1.1356495938448614,True,152,-1,Jaylen Wells,Grant Williams,,,False
22500785,1,450.0,44,shooting,1630692,1631114,OKC,Foul: Shooting,False,False,False,15.952777736721169,17.748152827870527,0.2918075239188077,39.90714467589769,41.694168043770674,19.312993035777758,False,179,-1,Jordan Goodwin,Jalen Williams,17.347335429940745,2.7437201023428037,False
22500785,1,289.0,73,personal,1631114,1626220,PHX,Foul: Personal,False,True,True,18.980292451413625,17.166061808818316,2.523453034875459,98.84986750169976,41.694168043770674,5.381458909998291,False,161,-1,Jalen Williams,Royce O'Neale,,,False
22500785,1,50.9,132,shooting,1642346,1629026,OKC,Foul: Shooting,True,False,True,21.03587561024902,19.848903200567285,2.024934741549198,29.24242077904702,41.694168043770674,2.413565826738522,True,148,71220,Ryan Dunn,Kenrich Williams,0.8701988661333329,2.0386760409638445,False
22500785,1,17.3,139,shooting,1631096,1629599,PHX,Foul: Shooting,True,False,True,20.52272771847024,18.472447853909287,1.814302931533997,85.96272623308131,41.694168043770674,6.203224967708328,False,154,75756,Chet Holmgren,Amir Coffey,13.568895836310114,4.510698393818857,False
22500785,1,2.2,150,shooting,1629599,1631114,OKC,Foul: Shooting,True,False,True,18.8237643885935,18.39313974499888,1.2826100969672547,27.38800222722344,41.694168043770674,1.2453513560437472,True,151,79884,Amir Coffey,Jalen Williams,1.1122450755107343,16.818813870187164,False
22500785,2,648.0,174,shooting,1631221,1628392,OKC,Foul: Shooting,False,False,False,12.559529772544725,18.266495547507443,-1.9215650392173165,61.21092456198962,41.694168043770674,0.8514693182963253,True,178,-1,Collin Gillespie,Isaiah Hartenstein,26.701011645066654,15.780307348084193,False
22500785,2,581.0,184,shooting,1642346,1631096,OKC,Foul: Shooting,False,False,False,18.5725501110748,19.848903200567285,0.6004106763664294,80.71703587954119,41.694168043770674,1.9039432764659776,True,181,-1,Ryan Dunn,Chet Holmgren,12.120958256748665,4.786533192196625,False
22500785,2,397.0,219,personal,1628415,1642272,OKC,Foul: Personal,False,True,True,17.367719984584983,19.48000821343475,0.2870400865795805,134.94603357154875,41.694168043770674,4.370102973615151,False,181,-1,Dillon Brooks,Jared McCain,,,False
22500785,2,392.0,229,shooting,1626220,1630198,OKC,Foul: Shooting,True,False,True,15.02290783037694,14.881619778783458,1.5310531572813435,134.33207189905724,41.694168043770674,9.183049602392444,False,181,137024,Royce O'Neale,Isaiah Joe,23.321077015462297,10.629816555331518,False
22500785,2,328.0,243,shooting,1628392,1628415,PHX,Foul: Shooting,False,False,False,20.07465418006525,21.21119990633805,0.7973168209664921,106.98281502267156,41.694168043770674,2.5536836139193113,True,161,-1,Isaiah Hartenstein,Dillon Brooks,6.527497910642974,7.206837031597149,False
22500785,2,162.0,281,shooting,1631119,1642346,PHX,Foul: Shooting,True,False,True,18.02467389358508,16.010369037388884,2.767741045221222,77.87597360124549,41.694168043770674,2.337348925599257,True,182,182912,Jaylin Williams,Ryan Dunn,6.379845822212615,13.449289944082553,False
22500785,3,598.0,342,shooting,1629652,1628415,PHX,Foul: Shooting,False,False,True,15.766226026788337,18.454054701399382,0.3936434515143166,86.21387383691534,41.694168043770674,6.350338573651015,False,180,-1,Luguentz Dort,Dillon Brooks,40.45274789027526,3.7805422891431832,True
22500785,3,397.0,376,shooting,1629652,1628415,PHX,Foul: Shooting,False,False,True,17.91917134628192,18.454054701399382,1.3070382850679163,119.34839386316531,41.694168043770674,8.793554457669549,False,182,-1,Luguentz Dort,Dillon Brooks,27.399253870729343,4.8226548705044205,True
22500785,3,382.0,384,shooting,1626220,1631096,OKC,Foul: Shooting,True,False,True,15.649164779757466,14.881619778783458,1.915103687327338,57.623992576779386,41.694168043770674,2.457824241071766,True,178,245844,Royce O'Neale,Chet Holmgren,11.903979947916483,5.690035149276323,False
22500785,3,338.0,398,shooting,1628415,1631096,OKC,Foul: Shooting,False,False,False,19.190019136479066,19.48000821343475,1.282885220694391,105.80759118498356,41.694168043770674,4.716577148738264,False,180,-1,Dillon Brooks,Chet Holmgren,18.98005683978774,1.8000555546982424,False
22500785,3,269.0,406,shooting,1628415,1631114,OKC,Foul: Shooting,False,False,False,16.424665064464264,19.48000821343475,-0.2283180270589617,47.11222309023347,41.694168043770674,2.8525251970841556,True,173,-1,Dillon Brooks,Jalen Williams,10.757473288231257,3.315493930020081,False
22500785,3,60.0,453,shooting,1630198,1631123,PHX,Foul: Shooting,False,False,False,15.6519642419458,17.57111743489649,0.5482891947899123,49.25706484411187,41.694168043770674,1.0538026380684362,True,179,-1,Isaiah Joe,Jamaree Bouyea,7.960045888173267,6.087380388968641,False
22500785,4,570.0,492,shooting,1631119,1642346,PHX,Foul: Shooting,True,False,True,17.02286673276019,16.010369037388884,2.028120107082291,64.62951505372753,41.694168043770674,1.0960383204979647,True,180,331752,Jaylin Williams,Ryan Dunn,3.986692287729161,12.86961149374759,False
22500785,4,447.0,525,shooting,1642853,1631119,OKC,Foul: Shooting,False,False,False,16.498498261356087,18.15652800000016,0.738211938227134,109.84157947412416,41.694168043770674,4.370926675202868,False,178,-1,Rasheer Fleming,Jaylin Williams,30.70111375791904,9.367737186748997,False
22500799,1,683.0,10,shooting,1630611,1629674,BOS,Foul: Shooting,False,False,False,12.614599999999996,20.355508918029443,-0.3869006243805238,124.050669430758,41.694168043770674,4.482186966202996,False,179,-1,Gui Santos,Neemias Queta,27.325036685732428,15.897452626128501,False
22500799,1,307.0,87,personal,1630541,1627759,BOS,Foul: Personal,False,False,False,20.042021163553013,16.874808130578927,2.574011395257367,29.072145594935183,41.694168043770674,14.401003437260892,False,209,-1,Moses Moody,Jaylen Brown,,,False
22500799,1,84.0,127,personal,1642954,202696,BOS,Foul: Personal,False,True,True,17.40138276590207,18.66350027816957,0.798919026598471,90.79349509665384,41.694168043770674,3.6349690507623325,False,180,-1,Will Richard,Nikola Vučević,,,False
22500799,2,682.0,168,personal,1630573,204001,GSW,Foul: Personal,False,True,True,15.777515767770923,19.93562178333336,-0.0237382012209644,74.91803299645409,41.694168043770674,1.4901342221424236,True,180,-1,Sam Hauser,Kristaps Porziņģis,,,False
22500799,2,418.0,230,shooting,1627759,1642954,GSW,Foul: Shooting,True,False,True,18.57633386517524,17.7103471091483,1.710504013626753,119.72667502723807,41.694168043770674,10.741792215454552,False,181,136086,Jaylen Brown,Will Richard,16.575818210125316,0.9277930803794578,False
22500799,2,237.0,275,shooting,1642954,1627759,BOS,Foul: Shooting,True,False,True,18.95151322806289,18.66350027816957,1.4029217905795524,74.96499655097038,41.694168043770674,2.5761405241174247,True,181,170982,Will Richard,Jaylen Brown,62.506991773125456,5.498445234791378,True
22500799,2,194.0,287,shooting,1630611,1627759,BOS,Foul: Shooting,False,False,False,15.92173654368758,20.355508918029443,0.4551508129264802,97.9457658418148,41.694168043770674,0.9732933781753582,True,179,-1,Gui Santos,Jaylen Brown,27.053777623127033,7.527682246216294,False
22500799,3,543.0,366,personal,1627759,1630611,GSW,Foul: Personal,False,True,True,14.912365411166586,17.7103471091483,0.2168130745394403,67.09600020482573,41.694168043770674,1.7376133056580796,True,180,-1,Jaylen Brown,Gui Santos,,,False
22500799,3,349.0,405,shooting,1629001,1628401,BOS,Foul: Shooting,True,False,True,18.163778003969814,18.02419596888753,1.1899340379714838,39.738099201203696,41.694168043770674,8.152502683225563,False,181,235150,De'Anthony Melton,Derrick White,5.751325921068755,4.766015106984028,False
22500799,3,272.0,430,personal,1629001,1627759,BOS,Foul: Personal,False,False,False,18.76959280992542,18.02419596888753,1.4697211033250672,33.75081625101462,41.694168043770674,8.423710583822308,False,152,-1,De'Anthony Melton,Jaylen Brown,,,False
22500799,3,248.0,444,shooting,202696,1630541,GSW,Foul: Shooting,True,False,True,19.66687463588732,17.23779972357486,2.6933392238979126,29.606353621572097,41.694168043770674,1.9534584715319654,True,181,247934,Nikola Vučević,Moses Moody,9.67865765465222,3.17279056982966,False
22500799,3,49.7,487,personal,1642954,1630202,BOS,Foul: Personal,False,True,True,17.569124941989188,18.66350027816957,0.8642791627070076,73.33243284931768,41.694168043770674,5.8876565796588345,False,152,-1,Will Richard,Payton Pritchard,,,False
22500799,4,602.0,533,shooting,1631248,1629001,GSW,Foul: Shooting,True,False,True,18.520719677432016,18.439742525347835,1.6142362037293685,110.03408004880042,41.694168043770674,0.9674709297958289,True,181,303940,Baylor Scheierman,De'Anthony Melton,17.09118423973065,11.815468674580794,False
22500799,4,273.0,595,personal,1630611,1627759,BOS,Foul: Personal,False,True,True,13.866623514067465,20.355508918029443,-0.0681148150751938,104.54061674465676,41.694168043770674,2.080000000000002,True,179,-1,Gui Santos,Jaylen Brown,,,False
22500799,4,121.0,618,personal,1630611,202696,BOS,Foul: Personal,False,True,True,15.661283323946476,20.355508918029443,0.3888351331421528,95.12277565766595,41.694168043770674,2.134595980507785,True,181,-1,Gui Santos,Nikola Vučević,,,False
22500799,4,96.0,624,shooting,1627759,1629001,GSW,Foul: Shooting,False,False,False,15.18916258141555,17.7103471091483,0.3296550463947224,99.08423875006332,41.694168043770674,2.490642487391557,True,181,-1,Jaylen Brown,De'Anthony Melton,21.698264768138543,4.514731442732777,False
