,personId,n_shots,p50_lateral_dev,p95_lateral_dev,mean_lateral_dev,std_lateral_dev,p75_lateral_dev,p90_lateral_dev,max_lateral_dev
0,2544,1,20.14619292396951,19.36366278162904,20.14619292396951,,20.14619292396951,20.14619292396951,20.14619292396951
1,201143,1,19.25272170063882,18.67283203488053,19.25272170063882,,19.25272170063882,19.25272170063882,19.25272170063882
2,201567,3,14.886782663340478,16.236641448818737,14.54824506715218,0.6761622263308185,14.93752663026448,14.967973010418882,14.988270597188484
3,201935,1,16.940391476810177,19.019359102169272,16.940391476810177,,16.940391476810177,16.940391476810177,16.940391476810177
4,201939,1,18.23393047666504,19.623581690058188,18.23393047666504,,18.23393047666504,18.23393047666504,18.23393047666504
5,202696,1,19.66687463588732,17.23779972357486,19.66687463588732,,19.66687463588732,19.66687463588732,19.66687463588732
6,202699,1,19.451099952283784,18.62895030558383,19.451099952283784,,19.451099952283784,19.451099952283784,19.451099952283784
7,203084,6,17.32995912872594,12.282024145379316,16.66115615428794,1.3658529040213683,17.427805474687162,17.588422133778376,17.721734501659235
8,203110,3,19.15359925695117,17.50871911351491,17.38638691869912,3.295223417976457,19.287317978117983,19.36754921081807,19.421036699284794
9,203482,2,19.200276139049627,20.290839258292674,19.200276139049627,0.18461627381586831,19.265547848615924,19.304710874355703,19.33081955818222
10,203484,3,16.80532981647328,17.726620135693988,17.02688067005661,0.49456385036796663,17.19940731368341,17.43585381200949,17.593484810893543
11,203924,3,19.799676265239302,18.79115818856829,19.239428095025985,1.3469172844622197,20.007737235068145,20.13257381696545,20.215798204896988
12,203935,8,16.51235148820303,15.993970258341758,16.452320432304454,1.193879718693713,17.458230365842752,17.673492522702926,18.1085752008306
13,203992,1,16.36216120400856,18.95678154599541,16.36216120400856,,16.36216120400856,16.36216120400856,16.36216120400856
14,203994,1,18.478432722948217,19.752544637303245,18.478432722948217,,18.478432722948217,18.478432722948217,18.478432722948217
15,1626220,2,15.336036305067204,14.881619778783458,15.336036305067204,0.4428305356721703,15.492600542412335,15.586539084819414,15.649164779757466
16,1627739,2,17.221637303107773,19.764622571580787,17.221637303107773,1.4126221246974544,17.721074644921632,18.02073705000995,18.22051198673549
17,1627747,1,18.34415826010455,20.290839258292674,18.34415826010455,,18.34415826010455,18.34415826010455,18.34415826010455
18,1627759,3,15.18916258141555,17.7103471091483,16.225953952585794,2.0401883414264583,16.882748223295394,17.898899608423303,18.57633386517524
19,1627780,1,17.85171459215656,17.163630076254172,17.85171459215656,,17.85171459215656,17.85171459215656,17.85171459215656
20,1627783,1,16.7539946283952,20.843693669764622,16.7539946283952,,16.7539946283952,16.7539946283952,16.7539946283952
21,1627884,1,17.51610569438537,16.38935034513607,17.51610569438537,,17.51610569438537,17.51610569438537,17.51610569438537
22,1628392,6,20.27577690980381,21.21119990633805,20.44043195009586,1.535094745950787,21.19828631256665,22.075944453762034,22.71314037061599
23,1628396,3,18.98887870059255,20.290839258292674,18.542759957972,1.345875419129469,19.298904682706457,19.484920271974797,19.60893066482036
24,1628401,1,18.23854537580258,18.28785465003269,18.23854537580258,,18.23854537580258,18.23854537580258,18.23854537580258
25,1628415,3,17.367719984584983,19.48000821343475,17.660801395176104,1.4057803245271903,18.278869560532023,18.82555930610025,19.190019136479066
26,1628467,1,20.30100303404335,20.290839258292674,20.30100303404335,,20.30100303404335,20.30100303404335,20.30100303404335
27,1628970,1,14.42341244893938,16.38738391007645,14.42341244893938,,14.42341244893938,14.42341244893938,14.42341244893938
28,1628983,3,15.33432318909132,19.203242092573674,15.00639427759482,0.5858124509665722,15.344561594545672,15.350704637818284,15.354800000000024
29,1628991,4,19.502769210736126,21.70460718510627,18.864981572814223,2.422161631125072,20.126024829730163,20.671455518616813,21.03507597787458
30,1629001,2,18.46668540694762,18.02419596888753,18.46668540694762,0.42837575743442075,18.61813910843652,18.70901132932986,18.76959280992542
31,1629004,1,17.70404846515369,18.03699751009784,17.70404846515369,,17.70404846515369,17.70404846515369,17.70404846515369
32,1629012,2,18.42377927472268,19.50729727016921,18.42377927472268,3.258521524144345,19.575840607905075,20.26707740781451,20.72790194108747
33,1629014,1,17.098410675367703,18.608718750753813,17.098410675367703,,17.098410675367703,17.098410675367703,17.098410675367703
34,1629020,6,19.83884994236781,19.2568135434862,19.411092983683762,1.774138385533764,20.371906123375418,20.874753805377203,21.377327030245443
35,1629028,3,19.51297962470289,19.59640628171625,18.221997814150203,2.5208732885328637,19.674436434251902,19.771310519981306,19.83589324380091
36,1629029,7,18.81494496621007,18.91961077199252,17.83859713852681,1.7716335139943429,19.131541348119498,19.401733943400767,19.62131761712249
37,1629057,4,12.522355740941759,20.559110835532543,12.11007974529015,5.402535969130956,14.040722248512655,16.5890859015044,18.287995003498896
38,1629060,5,16.044435515286104,20.50808169741509,16.743727515339096,2.2937265168334102,18.6861068877099,19.24733728650591,19.62149088570325
39,1629111,7,17.252393275210576,18.887251644419493,17.743718497590287,1.8707771481524842,18.455730270430017,19.743394916198334,21.190051034845776
40,1629130,2,18.170193976047653,15.600320974905552,18.170193976047653,2.952421891094212,19.214032746105815,19.840336008140714,20.25787151616398
41,1629599,1,18.8237643885935,18.39313974499888,18.8237643885935,,18.8237643885935,18.8237643885935,18.8237643885935
42,1629614,3,17.482125345082068,19.36891343334292,15.87513796589167,3.57855009834299,17.925309397885535,18.191219829567615,18.368493450689
43,1629627,2,15.59590912023355,20.65794040933801,15.59590912023355,3.2527189437302924,16.745918931436368,17.435924818158057,17.895928742639185
44,1629630,2,17.947420812952853,18.70570943941093,17.947420812952853,1.7811894263268566,18.577166373919603,18.95501371049965,19.20691193488635
45,1629637,4,17.720173151685113,22.262680519056097,17.88093439369994,2.303069796579584,18.510074958242452,19.915936319867356,20.85317722761729
46,1629640,1,14.47045330254123,17.195459174279996,14.47045330254123,,14.47045330254123,14.47045330254123,14.47045330254123
47,1629652,4,17.83815879494172,18.454054701399382,17.92497960726266,1.8374335532578403,18.503722212806156,19.555913772549783,20.257374812378867
48,1629673,3,16.261206114788095,19.1095812498738,15.115639541498986,2.9206445624376185,16.775523319829546,17.084113642854412,17.289840524870993
49,1629750,1,15.835930914499928,20.290839258292674,15.835930914499928,,15.835930914499928,15.835930914499928,15.835930914499928
50,1630163,1,18.282383940861745,16.773113351263277,18.282383940861745,,18.282383940861745,18.282383940861745,18.282383940861745
51,1630166,4,17.25130927850431,20.60364994412395,16.19285646038692,4.971594050414535,19.582613486644988,20.254361145917187,20.70219291876532
52,1630167,3,19.076611457804148,18.58749767832515,18.64130448310181,2.653020054519273,20.063180758213,20.655122338458312,21.049750058621854
53,1630170,3,20.34616543915797,17.814447039085035,19.300090838280013,2.0417600112115664,20.47649744481317,20.554696648206285,20.606829450468364
54,1630174,7,18.17838306140965,18.531173173558155,17.475034575024974,2.5566663161857095,19.284289783000396,19.6813140011846,19.69002855568559
55,1630180,2,15.763127604642683,19.09645390380139,15.763127604642683,2.3726462657775773,16.601984736586818,17.105299015753296,17.44084186853095
56,1630191,5,20.042451527582,19.17115772066273,19.114380903406158,2.287820407701129,20.51035157437807,21.005491474901984,21.335584741917923
57,1630198,1,15.6519642419458,17.57111743489649,15.6519642419458,,15.6519642419458,15.6519642419458,15.6519642419458
58,1630228,3,19.99454052226428,20.69709014218271,19.59245995296338,2.0465757629578616,20.701347682700256,21.125431978961842,21.40815484313623
59,1630322,1,20.509556352394387,20.290839258292674,20.509556352394387,,20.509556352394387,20.509556352394387,20.509556352394387
60,1630529,6,19.10643680360675,20.74616507072045,18.900671362009565,2.0660168403496226,20.524683350810765,20.894086845915496,20.99022916708441
61,1630530,4,19.47310572361848,20.95384779832284,19.183315349615103,1.3343918762567577,19.95748339980833,20.248385779832084,20.44232069984792
62,1630541,3,20.042021163553013,16.874808130578927,18.675353632071662,2.584013700686372,20.165529515682838,20.23963452696073,20.289037867812663
63,1630543,2,17.625574682649535,20.290839258292674,17.625574682649535,1.5202653339835008,18.16306964608082,18.48556662413959,18.700564609512103
64,1630573,2,17.693429043076264,19.93562178333336,17.693429043076264,2.7095105382674713,18.651385680728936,19.226159663320537,19.609342318381607
65,1630577,3,17.63189998671155,20.07824438220808,18.02605065370074,1.1207775951843642,18.461279405120422,18.958907056165742,19.29065882352929
66,1630583,3,19.379933486741187,20.30102962989524,19.33391250652244,1.547273631064091,20.118797871799558,20.562116502834584,20.85766225685793
67,1630595,2,18.212575053988438,19.21432085849664,18.212575053988438,0.6675834749668815,18.44860145506702,18.59021729571417,18.6846278561456
68,1630598,3,16.900180546382607,19.075162729723,16.739576460907383,0.4326213019734279,16.9845541997215,17.035178391724834,17.06892785306039
69,1630611,6,15.791509933817029,20.355508918029443,15.848322949545233,2.3936474531651326,17.783096196939443,18.51284715778494,18.622144900879817
70,1630621,1,18.883243188018263,20.290839258292674,18.883243188018263,,18.883243188018263,18.883243188018263,18.883243188018263
71,1630643,2,18.086788578648743,19.5070009393108,18.086788578648743,0.36735479274489125,18.21666811117439,18.294595830689776,18.346547643700035
72,1630692,1,15.952777736721169,17.748152827870527,15.952777736721169,,15.952777736721169,15.952777736721169,15.952777736721169
73,1631093,2,18.78617274493383,20.290839258292674,18.78617274493383,0.13602579821070124,18.834265127099382,18.863120556398712,18.88235750926493
74,1631096,4,19.415785485163465,18.472447853909287,18.810732367339146,2.023815794077787,19.84777900392296,20.252748232651328,20.52272771847024
75,1631097,3,18.424458397855588,19.941437190891246,18.365748645973692,0.818522022321337,18.788896760615234,19.007559778271023,19.15333512337488
76,1631101,3,18.90152994654144,17.876675699506723,18.908967578490728,0.33370120388791524,19.07392768727189,19.17736633171016,19.24632542800234
77,1631105,2,18.295055628580585,20.850443253292653,18.295055628580585,3.5698489859015488,19.557187841452038,20.31446716917491,20.81932005432349
78,1631110,6,17.512314785361923,21.672349928267185,17.84192267299554,1.5764502664417355,18.79501905927167,19.63845425296013,20.13164275637519
79,1631114,1,18.980292451413625,17.166061808818316,18.980292451413625,,18.980292451413625,18.980292451413625,18.980292451413625
80,1631119,5,18.02467389358508,16.010369037388884,16.885738214634664,2.7624305613556324,18.21973493603381,18.715747391325984,19.04642236152077
81,1631126,1,17.636630794926578,20.290839258292674,17.636630794926578,,17.636630794926578,17.636630794926578,17.636630794926578
82,1631172,2,14.73877157457113,12.908003486053842,14.73877157457113,4.141741324860487,16.203098262935832,17.081694275954654,17.667424951300536
83,1631200,4,17.571529606585436,20.290839258292674,17.39253615721996,0.4729286904514687,17.622829246007615,17.689727298789556,17.734326000644185
84,1631217,1,18.63612023795132,20.19079117071552,18.63612023795132,,18.63612023795132,18.63612023795132,18.63612023795132
85,1631221,1,12.559529772544725,18.266495547507443,12.559529772544725,,12.559529772544725,12.559529772544725,12.559529772544725
86,1631222,9,18.28076574496945,19.44328256877589,18.014614119593865,1.3446774973452547,18.39404000000002,19.19743606796088,19.86432653980487
87,1631245,1,18.53794447220926,15.711381220835015,18.53794447220926,,18.53794447220926,18.53794447220926,18.53794447220926
88,1631246,1,17.17110444916109,18.406260562399737,17.17110444916109,,17.17110444916109,17.17110444916109,17.17110444916109
89,1631248,3,18.520719677432016,18.439742525347835,18.137653841602766,0.7533546647978102,18.571609846169473,18.602143947411946,18.62250001490693
90,1631321,6,16.467833788060304,19.03049590134216,17.669751131233916,2.9119846615863327,18.35881491571559,20.910718262385906,23.0590731652537
91,1641705,2,20.624633449797763,20.463542619510964,20.624633449797763,2.3028580598107045,21.438816724898885,21.927326689959557,22.253000000000007
92,1641707,5,18.550586353995936,20.290839258292674,18.058981661901832,2.4563615352520287,19.53271422472313,20.005655755801882,20.320950109854383
93,1641709,2,18.81833536320623,19.685496475570385,18.81833536320623,0.431426836532278,18.970867784055148,19.0623872365645,19.123400204904065
94,1641716,6,17.137377357366294,18.586202732726186,16.57297730827332,2.6666056244729246,18.358941409623316,18.631693482226677,18.761811407261305
95,1641718,3,14.90577507590025,18.8186755961288,15.925742677653274,2.0066796043984167,16.571654851359323,17.571182716634766,18.237534626818395
96,1641722,1,17.240752041376044,20.290839258292674,17.240752041376044,,17.240752041376044,17.240752041376044,17.240752041376044
97,1641729,1,18.37843004611544,20.3075561689604,18.37843004611544,,18.37843004611544,18.37843004611544,18.37843004611544
98,1641733,1,15.999337875346798,19.141499981145014,15.999337875346798,,15.999337875346798,15.999337875346798,15.999337875346798
99,1641739,5,16.360701228634422,19.2827733298056,16.46795078223028,1.5763082757913212,17.30866352737836,18.022469888201467,18.49834079541687
100,1641765,2,18.88846822384001,19.328230682387247,18.88846822384001,0.23146335408887775,18.970302877476225,19.019403669657954,19.05213753111244
101,1641767,6,16.748069360086397,18.31669808982943,16.834586731673305,0.9998857371403824,17.026711090135343,17.849402395495044,18.59751927017629
102,1641775,1,17.559279244396055,19.859939310635035,17.559279244396055,,17.559279244396055,17.559279244396055,17.559279244396055
103,1641842,4,16.77809067909942,19.901593499673048,17.012043189573394,0.7368243535207596,17.238900837991054,17.73445738971616,18.06482842419956
104,1642261,3,16.31482516942632,15.498043610848269,16.33467846561986,2.8064308355891283,17.732904225401427,18.583751658986493,19.150983281376536
105,1642264,2,18.234441876178494,17.979624311958965,18.234441876178494,2.483155746210033,19.11237000962222,19.63912688968846,19.99029814306595
106,1642268,4,17.65101815556899,18.26825837370864,16.836637303956635,1.9870610870372007,17.91508154535247,18.061015179388797,18.158304268746345
107,1642271,4,16.438104772240415,16.617922802025035,16.317919610198956,1.7495620899235793,17.663820586491287,17.880923939623447,18.025659508378222
108,1642274,4,18.075668513633648,22.31764111387349,18.001082126604327,1.1190971693791103,18.529967862017102,18.978523144806847,19.27756000000001
109,1642285,1,14.409731953271834,15.391131596920069,14.409731953271834,,14.409731953271834,14.409731953271834,14.409731953271834
110,1642346,2,19.80421286066191,19.848903200567285,19.80421286066191,1.7418341647358264,20.420044235455464,20.789543060331596,21.03587561024902
111,1642349,2,17.200568056161195,20.388757897340643,17.200568056161195,1.1588048556060722,17.610267441896674,17.85608707333796,18.01996682763215
112,1642355,2,15.201741339923096,17.885569134807746,15.201741339923096,2.198992718455305,15.97920267142289,16.445679470322766,16.756664002922683
113,1642366,1,17.53570330650088,18.027540845903506,17.53570330650088,,17.53570330650088,17.53570330650088,17.53570330650088
114,1642377,6,17.664397006522126,16.452246356170953,18.138977902284267,2.130972800158131,19.18234669159407,20.479189114254147,21.33304930638285
115,1642383,2,17.17513141281922,17.69680196428028,17.17513141281922,0.24817643004623244,17.262875031127397,17.315521202112308,17.350618649435578
116,1642450,1,18.516060342329933,17.00239919051474,18.516060342329933,,18.516060342329933,18.516060342329933,18.516060342329933
117,1642846,1,20.37313802442731,18.48523894437905,20.37313802442731,,20.37313802442731,20.37313802442731,20.37313802442731
118,1642847,1,15.57391262038406,19.401888209864627,15.57391262038406,,15.57391262038406,15.57391262038406,15.57391262038406
119,1642851,2,16.258595098953936,17.703997837524884,16.258595098953936,1.0735588864997514,16.638155483277465,16.86589171387158,17.01771586760099
120,1642852,3,17.792736844448477,20.33245831960525,17.765208117650086,0.16409729928642539,17.853268422224236,17.889587368889693,17.913799999999995
121,1642853,1,16.498498261356087,18.15652800000016,16.498498261356087,,16.498498261356087,16.498498261356087,16.498498261356087
122,1642876,3,19.50330924811241,20.290839258292674,18.78057774317818,1.3306621810952264,19.54839480744475,19.575446143044157,19.593480366777094
123,1642883,2,15.640265270665218,18.340321175491663,15.640265270665218,0.3328167404219386,15.757933757687596,15.828534849901024,15.875602244709974
124,1642907,2,15.14808806418111,19.30204495709229,15.14808806418111,2.1693251723698763,15.915060334171818,16.375243696166244,16.682032604162526
125,1642954,4,17.840878111097226,18.66350027816957,18.008663054039854,0.6980350857975133,18.32235176716967,18.699848643705604,18.95151322806289
126,1642959,2,16.524661746183206,20.290839258292674,16.524661746183206,1.6532325434684474,17.10916771736562,17.45987130007507,17.69367368854803
127,1642964,3,18.36297785167933,20.290839258292674,17.658856284286966,1.6626908117565578,18.608304472227402,18.75550044455625,18.85363109277548
128,1643007,1,18.93157788867888,20.290839258292674,18.93157788867888,,18.93157788867888,18.93157788867888,18.93157788867888
